Price,Close,High,Low,Open,Volume
Ticker,TCS.NS,TCS.NS,TCS.NS,TCS.NS,TCS.NS
Date,,,,,
2021-02-25,2633.099365234375,2663.5153004809417,2609.496062078548,2614.3749823229737,4224073
2021-02-26,2544.312255859375,2612.924249244175,2531.7414135558906,2602.067563932443,5553153
2021-03-01,2570.59716796875,2606.4635559455824,2550.9059271202764,2572.1795496447803,3265871
2021-03-02,2642.813232421875,2659.2079326718103,2591.519003476528,2602.0679275069615,3306469
2021-03-03,2689.18408203125,2693.4914727558676,2634.505330178127,2667.99824406464,3509857
2021-03-04,2680.921142578125,2708.8318379382204,2651.340286728885,2657.449829088751,3916760
2021-03-05,2644.307373046875,2692.7883793543356,2634.2419852330613,2651.383985179007,3203686
2021-03-08,2643.340087890625,2666.2400827282695,2633.714239318792,2651.2957762968877,2003125
2021-03-09,2682.019775390625,2696.0410098074835,2630.2862256983,2643.3403896236246,1942397
2021-03-10,2699.601318359375,2719.160780509051,2689.975468674562,2703.1616229327706,3053778
2021-03-12,2688.1728515625,2740.082379408884,2673.580305486487,2703.161153892306,2938317
2021-03-15,2695.38232421875,2724.260094514271,2673.2736196895444,2673.2736196895444,3097083
2021-03-16,2733.97314453125,2761.180531550743,2689.9753029434173,2689.9753029434173,4894756
2021-03-17,2736.5224609375,2773.487688424811,2712.216069895808,2729.5338423325,3838390
2021-03-18,2669.317138671875,2765.971605676394,2625.846826743809,2747.950528336439,3656306
2021-03-19,2681.360595703125,2724.259595798463,2641.6263586235505,2663.603283404112,5776626
2021-03-22,2751.20263671875,2759.8176323307894,2653.62511137092,2680.041412282901,2821646
2021-03-23,2762.587158203125,2785.794702569668,2745.225389387804,2760.3014724104632,3305973
2021-03-24,2743.68701171875,2771.11416820784,2734.9400248267016,2734.984021595591,2207104
2021-03-25,2694.2392578125,2752.2583404265592,2681.1848783769724,2735.8634254319945,3179786
2021-03-26,2695.953369140625,2740.962068326735,2675.0752905252434,2716.9192266843957,3697370
2021-03-30,2776.608154296875,2802.892465571644,2690.7661733862365,2710.193857106451,4694008
2021-03-31,2793.57421875,2817.441067373545,2753.268462718859,2773.4872285689657,3530069
2021-04-01,2782.27880859375,2826.232660230302,2764.6972679391292,2805.2228049953965,4285076
2021-04-05,2847.2421875,2868.4280273958516,2769.9714110708946,2787.5529497003513,5317862
2021-04-06,2869.9228515625,2878.9773882568857,2839.4189203266383,2878.9773882568857,2291562
2021-04-07,2875.81201171875,2881.2184632873655,2843.637926767542,2864.9115442831585,2491268
2021-04-08,2916.205810546875,2931.721431827485,2871.1091231096307,2874.5814339058097,2578118
2021-04-09,2920.513671875,2948.7321304719153,2907.986824159079,2948.424367663105,2911129
2021-04-12,2853.967529296875,2934.4470730375683,2824.650224965105,2920.5136164862206,3791828
2021-04-13,2728.69873046875,2825.35319397879,2701.44734620822,2825.35319397879,8654596
2021-04-15,2829.70458984375,2845.7917402961693,2714.105975634484,2778.146814676858,6062760
2021-04-16,2808.782958984375,2854.3631900125724,2797.7507136681297,2838.5398030645506,3224657
2021-04-19,2779.46533203125,2803.3761803289435,2755.994022175126,2785.794642666172,2679106
2021-04-20,2764.30126953125,2835.330724965426,2748.302113102314,2835.0229622074467,3141893
2021-04-22,2741.665771484375,2767.3347805274607,2729.754233555558,2767.3347805274607,1988980
2021-04-23,2733.48974609375,2741.8409770273056,2717.270819467524,2729.533899862066,1615309
2021-04-26,2725.841796875,2771.7295698556877,2714.6335659788188,2726.9406430412923,2490260
2021-04-27,2753.26904296875,2756.8733443576716,2727.7758110894097,2730.4130419734793,1471417
2021-04-28,2746.323974609375,2769.9710551804214,2735.6870592578457,2769.047981597295,1639037
2021-04-29,2738.544677734375,2775.5539060045367,2729.9736768169814,2765.224751052806,1621395
2021-04-30,2668.56982421875,2753.312969915444,2654.8123559697738,2724.2594341557383,3072305
2021-05-03,2669.757080078125,2685.5804674477026,2640.7475365672335,2659.1201616100943,1545831
2021-05-04,2680.96484375,2716.3476898721206,2667.998459146241,2692.4368405095456,1990777
2021-05-05,2721.358642578125,2724.6111845742857,2683.2945653222314,2698.766406463981,1939289
2021-05-06,2735.203857421875,2755.0270850191914,2702.2824694795772,2729.9733926378744,1791671
2021-05-07,2754.059814453125,2777.7511075730526,2735.51142144039,2754.147807986654,1912540
2021-05-10,2765.13623046875,2781.5749246329046,2747.1151550516115,2765.531772127403,2137153
2021-05-11,2745.005859375,2749.8407827575666,2717.358716701784,2747.1155582763954,2415625
2021-05-12,2714.23828125,2742.720290729441,2699.2939719735896,2742.720290729441,1978558
2021-05-14,2682.50341796875,2723.8200362366615,2672.3940326478782,2723.8200362366615,2043935
2021-05-17,2698.54638671875,2703.337313029576,2668.8775405417787,2685.580002093259,2890462
2021-05-18,2715.29345703125,2746.236928798247,2705.7993811911024,2725.13907787278,2098538
2021-05-19,2709.315185546875,2740.9619560464494,2696.217024715244,2711.073339463518,1986041
2021-05-20,2689.97509765625,2715.292553263747,2683.030476552131,2696.2166289916227,2329027
2021-05-21,2707.99658203125,2714.7654317164456,2685.6681130389425,2690.8545812685134,1685566
2021-05-24,2708.875244140625,2729.5335495883955,2700.52401427876,2708.875244140625,1652260
2021-05-25,2750.8359375,2763.4240595646675,2722.656297882168,2731.401643786127,1841613
2021-05-26,2790.14599609375,2795.887946061966,2741.825321802558,2756.135984743549,1923753
2021-05-27,2809.138427734375,2842.48590435292,2793.061011941984,2793.1934322043226,5959785
2021-05-28,2776.984130859375,2825.0397552505065,2769.961110903209,2817.5310504601284,1763701
2021-05-31,2790.720703125,2800.6146992644194,2763.7337050232063,2782.637888857994,1652799
2021-06-01,2785.287353515625,2800.2605487714864,2766.7364386967765,2799.0681193626156,1377441
2021-06-02,2764.483642578125,2790.984948101892,2751.7188902178127,2783.3880365859845,2240078
2021-06-03,2774.907958984375,2786.656916039065,2758.477060767355,2786.656916039065,1281706
2021-06-04,2777.116455078125,2788.6887800926147,2760.5531362605616,2763.2032672713717,1836060
2021-06-07,2811.965576171875,2818.370059314613,2768.1502071066175,2778.2206184706743,2559821
2021-06-08,2826.93896484375,2854.191232954633,2815.499275242402,2825.039790463917,2574057
2021-06-09,2827.02734375,2844.474040114054,2814.615853329523,2828.57325355441,1710925
2021-06-10,2841.647216796875,2848.0074881529035,2820.622800766818,2835.6402099785423,1874324
2021-06-11,2891.999755859375,2923.0945840947657,2836.523635396885,2837.00953589567,3452954
2021-06-14,2894.252685546875,2922.8298057031197,2888.952422877845,2896.5935486250673,1847360
2021-06-15,2882.238037109375,2913.3770734462396,2872.3442587686054,2913.3770734462396,1304985
2021-06-16,2892.486083984375,2910.462679751333,2873.6258953910374,2881.6647137973046,1635552
2021-06-17,2930.823974609375,2946.9898164726833,2879.80895402805,2884.6675274167474,2273413
2021-06-18,2912.759765625,2966.3807200212113,2893.0604103839987,2960.108655459637,3380431
2021-06-21,2891.381591796875,2902.7770698023915,2872.4771929821286,2884.226151218749,1130569
2021-06-22,2916.204345703125,2939.0397292718317,2901.8936802765033,2918.677844637311,1708688
2021-06-23,2881.0458984375,2940.762274815188,2876.629013074305,2940.762274815188,1467104
2021-06-24,2980.16064453125,2988.4643018161614,2896.151408071027,2901.0099814260343,4155204
2021-06-25,2986.52099609375,3003.17252309465,2959.312941438819,2981.618210624291,2722861
2021-06-28,2947.6083984375,2995.9732923655597,2944.2957344698248,2995.9732923655597,1355238
2021-06-29,2951.23046875,2973.7123727957182,2938.55392110652,2952.2462661469986,1497322
2021-06-30,2955.55859375,2987.5810099566615,2949.1541105086676,2955.7794379997013,1693146
2021-07-01,2951.803466796875,2969.9126905195553,2943.720655646453,2966.379183451715,990310
2021-07-02,2937.62646484375,2950.2145890791703,2910.904306379086,2942.5292511006683,1682274
2021-07-05,2933.69482421875,2980.513802142145,2916.910662321684,2952.245739999718,1972858
2021-07-06,2881.8408203125,2939.878645879054,2876.3639260649975,2926.6279909246714,2159420
2021-07-07,2893.01513671875,2899.8613076965835,2863.5546464924696,2893.0593486974058,2640710
2021-07-08,2878.484130859375,2913.3775244972285,2854.986214952416,2913.3775244972285,2485811
2021-07-09,2834.006103515625,2899.2435873844856,2827.6900436373367,2870.9755207189455,6365067
2021-07-12,2820.71142578125,2858.608216049346,2816.5153846730195,2857.7248389739293,1892226
2021-07-13,2815.80859375,2839.1738738783592,2804.72216850149,2839.1738738783592,1809339
2021-07-14,2839.65966796875,2846.240783692496,2813.555833662507,2815.322587718182,2044279
2021-07-15,2835.5869140625,2861.172351997801,2827.663479475212,2857.409806666627,2232968
2021-07-16,2828.3720703125,2850.5490007565263,2825.893173423825,2844.4845758805604,1256526
2021-07-19,2819.342041015625,2832.798632124754,2811.72833250103,2815.269552063374,1597058
2021-07-20,2838.110107421875,2846.2548681714516,2794.1545954042767,2819.3416893105386,1811945
2021-07-22,2847.45068359375,2855.0641765371074,2824.1228115319595,2824.1228115319595,2859334
2021-07-23,2844.3515625,2869.759766579906,2838.8624999266235,2859.534453094165,1776193
2021-07-26,2830.806396484375,2854.443991333239,2824.8748975730673,2832.9753500089523,1259611
2021-07-27,2817.881103515625,2841.8286435684886,2798.581414048037,2832.97559483463,1121367
2021-07-28,2831.02783203125,2836.915022702332,2773.128766395787,2822.351801458965,1660654
2021-07-29,2829.257568359375,2855.506773355142,2824.3883911930243,2833.1971321116425,1731997
2021-07-30,2804.1591796875,2853.7805664074917,2799.6442540307867,2849.7966940486167,2999943
2021-08-02,2850.150146484375,2855.019322815732,2803.760262073905,2815.2692243116567,2608669
2021-08-03,2908.1376953125,2912.652836316746,2849.751886091919,2858.6492426950676,3804735
2021-08-04,2898.443603515625,2926.109378484922,2887.1559673281517,2921.505836757805,2929598
2021-08-05,2907.296630859375,2934.7853879014283,2888.30688628308,2899.3731961922103,2534521
2021-08-06,2930.18212890625,2942.7534149481066,2890.5204271376556,2897.2045221954145,2292362
2021-08-09,2941.6025390625,2954.262442321804,2930.3592100944475,2942.6648617114934,1510489
2021-08-10,2951.51806640625,2965.682945510539,2935.3171588418413,2935.3171588418413,2040777
2021-08-11,2960.635986328125,2974.6238440607035,2945.4974053764813,2965.770796905761,1929707
2021-08-12,2967.321044921875,2981.707251226039,2944.5244410860464,2944.5244410860464,1310205
2021-08-13,3066.16455078125,3080.860696882847,2972.410859133379,2975.288099726732,4363584
2021-08-16,3074.619140625,3093.564792280831,3042.34982516594,3063.1544871451047,2083489
2021-08-17,3145.532470703125,3152.3935833564606,3065.810724967882,3082.720134220687,4336019
2021-08-18,3152.17236328125,3182.671073455571,3130.969354434129,3163.946961523481,2631309
2021-08-20,3151.24267578125,3164.9649012271298,3098.567036166421,3103.8788653712777,2836148
2021-08-23,3220.20751953125,3251.72445614711,3153.367008657548,3169.391111627186,3744176
2021-08-24,3198.783203125,3246.722586873967,3182.1394299538442,3237.5595959017187,2511141
2021-08-25,3239.3310546875,3273.63662406961,3193.339502317849,3195.951108888187,2123263
2021-08-26,3250.706298828125,3264.6498484951503,3229.5030773757558,3240.2153511945357,1902533
2021-08-27,3293.46728515625,3301.744973301148,3232.337148265412,3245.5281062131676,3944728
2021-08-30,3276.7783203125,3311.3495119800486,3264.6496891836746,3288.9069514413254,2033114
2021-08-31,3352.162841796875,3367.7886036477303,3278.682531887317,3283.9500530446194,3207480
2021-09-01,3288.863037109375,3378.942800881244,3281.8249071480936,3360.6170346733647,2643336
2021-09-02,3396.693359375,3416.524101420133,3295.1046285511825,3305.728286676549,3403717
2021-09-03,3401.3857421875,3414.532390299756,3368.186808360249,3386.2912503795983,1746812
2021-09-06,3410.1943359375,3432.858226910187,3376.552751107379,3408.1580915226373,1723693
2021-09-07,3378.234375,3426.0851408991393,3371.461879985868,3420.817620761608,1585039
2021-09-08,3341.273193359375,3377.4379827229823,3325.2049968827055,3373.0114584992302,4147175
2021-09-09,3356.544677734375,3371.8604946659234,3333.172716457,3355.039702736924,1441148
2021-09-13,3404.307373046875,3410.5485998446184,3334.9436458552505,3334.9436458552505,1691473
2021-09-14,3440.205810546875,3449.5901278133597,3386.2908350791995,3408.379146448871,1991188
2021-09-15,3500.982177734375,3523.513141909009,3422.588393623173,3436.8418875120715,2461369
2021-09-16,3455.60986328125,3525.061973457831,3445.6944939133687,3479.2474554377536,2946666
2021-09-17,3388.813720703125,3492.5270810263546,3368.5844216236446,3470.3944632758707,6477148
2021-09-20,3384.963134765625,3427.015115647374,3371.1082001517175,3372.126214285933,2002008
2021-09-21,3419.888671875,3427.5023808081705,3383.3255346559063,3415.506455653458,1568129
2021-09-22,3419.179443359375,3449.899689205103,3410.592031040568,3419.4893864583446,1744067
2021-09-23,3425.465576171875,3434.0972979183825,3395.143886959783,3426.12955476776,2003869
2021-09-24,3427.28076171875,3491.996417565266,3412.8502492141406,3443.835919440469,2320754
2021-09-27,3396.870361328125,3456.230094055496,3366.7256883097275,3452.6888746968325,1673362
2021-09-28,3345.69970703125,3408.4236415395485,3320.9997883961637,3408.4236415395485,2253075
2021-09-29,3356.987548828125,3369.470434317807,3295.2375323295264,3328.5693913486634,2489161
2021-09-30,3342.5126953125,3368.5848793374157,3319.981730608833,3368.5848793374157,2252412
2021-10-01,3302.36376953125,3373.0111325429925,3297.7602280111937,3348.001273095659,1578374
2021-10-04,3340.520751953125,3349.6835272429826,3282.2233425522586,3297.5834677792773,1356860
2021-10-05,3393.63916015625,3399.570659485388,3312.456747791628,3323.4344415906635,1877966
2021-10-06,3373.808349609375,3415.0193358424335,3359.732088185577,3396.029589006554,1678154
2021-10-07,3446.403076171875,3451.80352207463,3381.908749178324,3390.7174889832863,1647233
2021-10-08,3484.25,3532.277788850689,3452.688968067958,3474.821589658137,2934339
2021-10-11,3262.8798828125,3326.5332197772977,3240.2159905215995,3324.3199574886903,11845402
2021-10-12,3233.8857421875,3281.8249109047315,3214.1877102836343,3280.9396061000634,5752877
2021-10-13,3235.96630859375,3253.8937321613757,3226.9362421726487,3231.362766510334,3545655
2021-10-14,3203.369140625,3255.3032452461207,3200.4863788955586,3215.388082838471,6442299
2021-10-18,3235.03466796875,3239.9575806125013,3194.498652086735,3196.2726590535945,3590107
2021-10-19,3223.504150390625,3273.1321766557753,3215.5655112250456,3254.416313470081,3135441
2021-10-20,3201.06298828125,3219.8230275642086,3173.9649853308347,3203.856962964717,2933693
2021-10-21,3133.340087890625,3199.820961660556,3114.4912621672916,3196.849629655158,4871211
2021-10-22,3103.492919921875,3159.152400976965,3091.2078323026053,3157.7331084640673,2691670
2021-10-25,3098.258544921875,3117.4179053679563,3060.1617914377334,3107.1729725815594,2595594
2021-10-26,3089.078857421875,3130.2357382859686,3082.337543367453,3099.634113754694,3878763
2021-10-27,3095.4208984375,3114.491476363256,3089.433623972437,3089.433623972437,2510813
2021-10-28,3035.01611328125,3120.479006110419,3029.117625317533,3120.479006110419,2424942
2021-10-29,3013.81640625,3069.9193825417556,3003.349720722002,3015.8565577895124,3960501
2021-11-01,3083.57958984375,3092.9819157272386,3027.299248137875,3049.4743407370097,2020718
2021-11-02,3090.498046875,3116.5760838881283,3077.6808875558004,3099.1907258793763,3087414
2021-11-03,3097.638427734375,3122.1639914892903,3074.3989759325955,3108.2380778051174,1537639
2021-11-04,3112.1845703125,3116.2648728066724,3108.947094339255,3115.9987284607782,328991
2021-11-08,3106.95166015625,3147.088570475876,3087.8366904944155,3147.088570475876,2526082
2021-11-09,3109.568115234375,3135.5573609997723,3100.964224626649,3111.60826658761,1782692
2021-11-10,3090.586669921875,3121.986510569045,3086.94986856028,3102.7385758648256,1516489
2021-11-11,3094.045654296875,3113.426767950228,3047.744113577115,3086.7722686985917,1284514
2021-11-12,3127.618408203125,3134.8030058714526,3091.8277340904806,3109.833946572736,1747259
2021-11-15,3151.78955078125,3166.2477510085714,3129.3483191275823,3129.3483191275823,1809157
2021-11-16,3154.5390625,3171.5253089279527,3141.7662991193665,3165.7153928732405,2013204
2021-11-17,3123.937255859375,3160.260219123125,3110.188702860013,3149.3944272365325,1632914
2021-11-18,3082.957763671875,3123.006098277972,3061.581111042726,3117.9500055081708,2136598
2021-11-22,3067.61328125,3118.660383698187,3051.5586454065333,3085.3533539302653,3167936
2021-11-23,3072.801513671875,3087.614427069922,3022.730215293397,3055.7266983039935,2153461
2021-11-24,3054.2197265625,3098.348158369713,3037.1005127215394,3079.8540455536813,2161746
2021-11-25,3056.525146484375,3071.6929923228795,3046.014285380131,3054.751139558402,1849619
2021-11-26,3057.3681640625,3095.6422792605736,3026.3672178510988,3037.9870505637437,1941251
2021-11-29,3106.2861328125,3130.54576418905,3021.5329084651667,3057.633906161152,2981745
2021-11-30,3130.369140625,3161.059556436979,3096.5300348008404,3096.5300348008404,5588446
2021-12-01,3173.52099609375,3184.3423949049957,3135.557205010908,3135.557205010908,2102118
2021-12-02,3231.265380859375,3235.789185915078,3170.2397054205367,3183.6333300682236,3152938
2021-12-03,3229.091796875,3251.7103857650372,3220.5766933426667,3234.413817790303,2486263
2021-12-06,3136.799072265625,3244.658783850488,3124.026308562444,3229.091829206644,1849642
2021-12-07,3179.464599609375,3191.439148945329,3126.0670229182915,3159.950519210043,1484458
2021-12-08,3217.072998046875,3234.4139602705127,3194.099693371914,3194.099693371914,1428660
2021-12-09,3194.7646484375,3224.035762034623,3163.05427537395,3202.082426836781,1567957
2021-12-10,3225.8544921875,3230.46686724847,3171.126417511061,3179.907665866492,1510718
2021-12-13,3201.772216796875,3248.2069383784756,3194.7205820190884,3237.562895980731,1883864
2021-12-14,3214.323486328125,3224.25788271104,3172.545532780773,3197.6477763888033,1747007
2021-12-15,3166.91357421875,3213.614229855621,3156.0919564259625,3210.953218900731,1603233
2021-12-16,3176.892333984375,3200.708251863708,3166.60300510544,3177.24704882008,2072320
2021-12-17,3179.331298828125,3238.7605373840274,3169.884580976256,3195.4303268304093,4333992
2021-12-20,3154.982666015625,3198.5346245351966,3113.5152523447928,3183.4555650185303,2312310
2021-12-21,3200.57470703125,3229.757034964151,3163.4091312077126,3177.822937788501,2340989
2021-12-22,3220.48779296875,3225.8542071800953,3198.7562083298367,3214.500519649866,1224328
2021-12-23,3248.827880859375,3255.746551906063,3219.8229078923873,3235.788971898465,1792861
2021-12-24,3256.1015625,3286.3484731251106,3232.95089752028,3268.6084003956903,2209923
2021-12-27,3278.453857421875,3281.9130845923037,3240.312705357694,3256.189982037391,1534135
2021-12-28,3287.722412109375,3304.08758111317,3276.4575125260903,3290.7825304509693,1456218
2021-12-29,3277.211669921875,3299.608507488964,3268.607779592957,3275.0385547359824,1456923
2021-12-30,3311.84912109375,3317.3928926389353,3264.1726858051557,3265.370227080346,1966475
2021-12-31,3315.9296875,3335.133227039575,3309.676269388582,3319.8768098436235,1207141
2022-01-03,3386.357421875,3397.2232141395452,3321.827920875352,3326.262938126187,2346158
2022-01-04,3445.78662109375,3449.689349616876,3380.9909763489923,3398.1989730548594,2488606
2022-01-05,3424.67626953125,3432.703694867435,3381.6122044154104,3428.2686771738076,1733031
2022-01-06,3377.221435546875,3401.658425302727,3345.777204756685,3381.257344785918,1810293
2022-01-07,3418.068359375,3428.180113754431,3367.420367389519,3388.3537388899704,2460591
2022-01-10,3441.4404296875,3528.4997318754135,3424.720327996725,3528.4997318754135,3937092
2022-01-11,3473.4169921875,3481.4888108289488,3420.285568039854,3420.285568039854,1906106
2022-01-12,3423.744873046875,3485.0369042039447,3403.0334703465164,3481.4888900484816,3203744
2022-01-13,3457.451171875,3479.715048380294,3421.1728120323205,3475.2800304751445,6684507
2022-01-14,3519.763671875,3527.6137413002043,3423.8787011195923,3439.6674104084805,3348123
2022-01-17,3564.999755859375,3586.154874326634,3514.573740699886,3541.538558401863,3442604
2022-01-18,3539.676513671875,3585.0022659184015,3530.274189259942,3578.127988288561,2389041
2022-01-19,3478.40966796875,3564.9112784096897,3474.722221889604,3564.9112784096897,3102539
2022-01-20,3400.127685546875,3483.1637786694,3386.3105001298686,3474.2781567850393,6176776
2022-01-21,3406.30322265625,3422.3418138894167,3350.8570276785663,3382.756324156083,3112358
2022-01-24,3351.078857421875,3420.653098273078,3323.3112910112377,3412.078560539118,3258414
2022-01-25,3349.790283203125,3384.888487297155,3307.4059130384235,3349.434945125185,3330501
2022-01-27,3242.585205078125,3317.3576181352228,3221.1265173905385,3315.225155894084,5718297
2022-01-28,3278.8388671875,3314.159213319958,3239.6976603507437,3239.6976603507437,3143862
2022-01-31,3319.89013671875,3339.2163623389933,3306.694902797494,3331.219303461651,2739393
2022-02-01,3377.113525390625,3383.644543728451,3320.023409336383,3349.8791832605725,2105169
2022-02-02,3426.473388671875,3433.4042169687295,3377.1137168552855,3401.3270359319927,1984212
2022-02-03,3398.3955078125,3449.843178942447,3390.7982566523374,3421.853466093333,1960538
2022-02-04,3389.776123046875,3398.4840766951115,3348.991201555373,3390.1316781159926,2307366
2022-02-07,3357.876220703125,3404.7923435959337,3337.572489673576,3368.538966045395,1919149
2022-02-08,3326.287841796875,3376.2694613033686,3306.339665487328,3369.02776676185,2946443
2022-02-09,3341.482666015625,3356.9435617136155,3328.642985453299,3332.1082913026003,1638721
2022-02-10,3350.1904296875,3367.4729203279344,3339.216600228163,3367.4729203279344,2112459
2022-02-11,3283.193115234375,3334.3299172454485,3278.7947753859307,3334.3299172454485,3851488
2022-02-14,3317.668701171875,3370.5381454891767,3296.5653515494223,3309.0052208005523,5951745
2022-02-15,3392.35302734375,3407.636254773637,3330.3313384332705,3364.0967041911317,3931683
2022-02-16,3388.176025390625,3424.6070692875323,3381.867148088499,3415.632505846608,3256906
2022-02-17,3362.496826171875,3407.6358265307354,3357.8763464040803,3398.750205079547,3134372
2022-02-18,3371.1162109375,3390.709051805688,3338.861575025704,3348.991097834247,3688883
2022-02-21,3304.91796875,3401.238235819317,3292.6115131522834,3385.421786187314,7465922
2022-02-22,3186.739013671875,3259.1568244811297,3172.1666820740847,3243.2516497396105,5408531
2022-02-23,3166.65771484375,3219.1716057796148,3159.415803432267,3208.5978033646575,2426203
2022-02-24,3022.576904296875,3095.6168757851424,3013.202748546364,3086.8644531268505,5039136
2022-02-25,3128.405029296875,3136.624228763181,3076.2020056595275,3081.5333782863204,2549723
2022-02-28,3158.12744140625,3166.6132530334003,3070.7817416818107,3101.081796727202,3288942
2022-03-02,3150.974365234375,3173.899310518128,3115.2986841335264,3156.6168212733464,2761341
2022-03-03,3149.41943359375,3179.8084310877025,3136.7131690580727,3165.813577954369,1928039
2022-03-04,3131.6044921875,3164.3478813538386,3098.461076456285,3111.3007577444255,2370257
2022-03-07,3096.550537109375,3152.6189025616236,3049.1458706374888,3065.5398009688843,3054130
2022-03-08,3198.779052734375,3206.820583036263,3074.424831616922,3074.424831616922,3300992
2022-03-09,3227.791015625,3246.806159231084,3196.2025871914693,3203.2666130344987,2719654
2022-03-10,3217.43896484375,3273.4628498933785,3212.152063616874,3273.4628498933785,2005441
2022-03-11,3198.068603515625,3234.2332591475283,3192.4708351186337,3201.7117953641396,1623423
2022-03-14,3237.0322265625,3241.786121299952,3181.052805680414,3181.052805680414,1765688
2022-03-15,3193.403564453125,3251.2490497339313,3185.8507858462003,3251.2490497339313,3651133
2022-03-16,3248.494140625,3259.2458289609194,3213.262739634658,3234.810370864838,3090475
2022-03-17,3263.466796875,3296.565738589953,3252.4042409503854,3284.6590919681585,3600452
2022-03-21,3222.54833984375,3300.075388245015,3212.1522059664503,3284.1257408719225,2413831
2022-03-22,3288.52392578125,3297.454018450051,3221.037676335606,3234.3661080997535,2907611
2022-03-23,3298.697998046875,3314.15910942593,3278.79429290694,3294.7884114089247,1596195
2022-03-24,3331.975341796875,3339.394706650704,3283.2376141207724,3287.680425506592,1879046
2022-03-25,3294.299560546875,3358.320504138264,3262.800077046092,3340.904599959908,1690133
2022-03-28,3294.52197265625,3299.2313956274616,3253.203831019655,3283.2372762842633,1760990
2022-03-29,3292.43359375,3307.228065625652,3279.6826411134552,3283.01474891735,2689063
2022-03-30,3315.7138671875,3321.4450492066144,3293.18873172542,3321.4450492066144,1583455
2022-03-31,3323.17822265625,3336.24004386944,3305.6291188569076,3323.2226941539616,2168110
2022-04-01,3339.8828125,3343.6592014466246,3312.603999260616,3330.330769870303,1387014
2022-04-04,3350.1904296875,3358.7649677654217,3320.645737841415,3342.7708488713006,1472994
2022-04-05,3389.6865234375,3408.1686573100724,3351.6560246280724,3351.6560246280724,2314947
2022-04-06,3336.8623046875,3384.8001942913256,3315.358924868198,3384.8001942913256,2051729
2022-04-07,3273.595703125,3328.1090702238885,3269.0196954622043,3328.1090702238885,2494829
2022-04-08,3274.9287109375,3292.1224737888224,3236.5873443389437,3278.7940427208514,2296773
2022-04-11,3284.481201171875,3298.6539416877777,3248.672318365914,3278.794489914239,2291660
2022-04-12,3279.77197265625,3322.3340146067667,3241.7859391915695,3272.5745321735017,4483476
2022-04-13,3253.870361328125,3296.43262160667,3248.183649923165,3293.9001325191025,1621672
2022-04-18,3134.8916015625,3207.709223229319,3129.960038455755,3207.709223229319,3820792
2022-04-19,3084.998779296875,3166.4356288546082,3055.8983694740664,3154.3955685792644,3170014
2022-04-20,3160.43798828125,3171.4116009849918,3092.196369835976,3109.96761334078,2640370
2022-04-21,3224.28076171875,3237.9202766610933,3169.8563333582965,3181.052302537518,2280996
2022-04-22,3209.9755859375,3213.929644546312,3173.500062343697,3182.0303466809823,1581465
2022-04-25,3152.796630859375,3184.607203793021,3139.37947062442,3161.5045845690765,1960694
2022-04-26,3151.108154296875,3188.0722114341042,3126.094998356819,3176.743043452235,1943469
2022-04-27,3164.34716796875,3170.789242910435,3115.565197597769,3150.841068029554,1727648
2022-04-28,3184.873779296875,3202.7337507159955,3143.777774418422,3188.161416300322,1703660
2022-04-29,3151.463623046875,3219.4831052544378,3142.7114152271593,3196.158346677765,2051115
2022-05-02,3147.642333984375,3152.573897085291,3103.5253119643658,3127.6496864948044,1324161
2022-05-04,3091.97412109375,3150.352610577351,3079.1344414976566,3144.177147062356,2305825
2022-05-05,3121.874755859375,3139.290664035557,3096.9507564301393,3120.7197983953106,1612262
2022-05-06,3050.07861328125,3087.3092816962812,3042.881172879239,3073.536567962998,2010812
2022-05-09,3061.185791015625,3070.87103244035,2973.8845528972033,3019.3344236783305,2481830
2022-05-10,3055.54345703125,3078.6905471809036,3040.660039247092,3051.3227863163397,1622685
2022-05-11,3031.773681640625,3064.1617246242054,3005.2500179628346,3052.2106085684486,1841769
2022-05-12,3028.79736328125,3065.2728838583857,2976.772221615572,3001.5630194609157,2807195
2022-05-13,3034.35107421875,3056.5651299816745,3005.2506611693193,3052.2112618257966,2187823
2022-05-16,3000.49658203125,3047.7680429845973,2991.4332918791674,3034.4396113097378,1195813
2022-05-17,3066.9609375,3080.644706648595,2977.0382821780336,2994.4541855799725,1754076
2022-05-18,3064.472412109375,3105.5239296814416,3059.3631810376532,3078.8670719159354,1866781
2022-05-19,2898.4453125,3025.5541736674804,2870.055794697786,3018.4456763431513,4642963
2022-05-20,2926.035888671875,2944.606755458255,2905.643425637507,2941.1414489838767,3065125
2022-05-23,2951.5810546875,2966.8198074074676,2902.9322813770036,2936.519970994632,2293690
2022-05-24,2921.592041015625,2954.3356395628116,2910.573958291516,2945.7164140697164,1711510
2022-05-25,2833.61328125,2945.610802185031,2821.4475663720973,2945.610802185031,3548046
2022-05-26,2886.66015625,2899.6758667069867,2845.153237526035,2854.501215690882,2813186
2022-05-27,2917.3876953125,2933.131599681016,2888.6726342881934,2910.1417734778424,3103153
2022-05-30,3019.321533203125,3029.4747349681716,2939.7963456033503,2949.3231893846983,2094624
2022-05-31,3009.571044921875,3026.612000510551,2974.3705125505267,3000.446485475332,4840965
2022-06-01,3001.3857421875,3030.7269440021355,2987.833434858042,3030.7269440021355,1493835
2022-06-02,3062.03662109375,3070.0875499835674,2993.424859678505,3001.2073805929103,2657939
2022-06-03,3077.377685546875,3110.6102582693384,3069.371528604616,3094.5977259894203,1913622
2022-06-06,3069.147705078125,3088.8725211555457,3021.021005842092,3057.5633586184927,1084210
2022-06-07,3008.095458984375,3058.3244425730218,3002.1020331693508,3042.401450088687,2308256
2022-06-08,3045.174560546875,3053.941171959309,2993.6039713920522,3023.705415077456,2185707
2022-06-09,3065.704345703125,3074.5602801002638,2999.5078194513303,3028.043802193597,1279197
2022-06-10,3005.590576171875,3035.200190885872,2998.523737061433,3025.3601666890713,1527582
2022-06-13,2880.08544921875,2945.7451536237168,2855.7983516097243,2943.0615109086025,3030921
2022-06-14,2871.989990234375,2897.350284976145,2839.9203697482353,2853.6069924191734,2611493
2022-06-15,2868.18798828125,2892.966912903787,2863.4468423639523,2879.101425225986,1404536
2022-06-16,2810.668212890625,2902.6725095727124,2802.6620565361654,2898.3338668891233,2032028
2022-06-17,2763.16796875,2789.870301721433,2704.9778226240087,2765.9411536425396,5240434
2022-06-20,2784.18994140625,2807.761358689215,2745.3666618294546,2767.730352460193,1502769
2022-06-21,2873.241943359375,2896.321313698456,2795.8188096638946,2799.9338157288753,2964461
2022-06-22,2883.08203125,2907.7716314048353,2847.344899703459,2862.462666195436,3336315
2022-06-23,2959.87890625,2968.108699833873,2883.0819135631095,2883.0819135631095,3692578
2022-06-24,2945.8349609375,2992.2618967303943,2931.879930204445,2986.8946108169766,2132118
2022-06-27,2965.15673828125,3008.2738867735548,2957.821492005862,2996.734310666759,2037686
2022-06-28,2968.242431640625,2978.842905916221,2927.4959714126285,2958.2683152747577,1400046
2022-06-29,2943.50927734375,2981.527555504245,2926.0655967759935,2926.0655967759935,2133994
2022-06-30,2922.576171875,2961.7571769517335,2911.7520599621494,2926.959367187758,2719603
2022-07-01,2965.51513671875,2981.5274530236807,2909.113861142531,2916.22547160432,1502879
2022-07-04,2893.906005859375,2968.0639081040827,2884.960530635869,2962.741394025175,2622535
2022-07-05,2877.13330078125,2926.9595551529096,2868.7691939118813,2911.752246950709,2170627
2022-07-06,2916.895751953125,2923.8284950575144,2864.564723358704,2879.101120190488,2182144
2022-07-07,2941.138427734375,2969.361229929666,2920.742698680176,2926.0652132459163,1989921
2022-07-08,2921.100341796875,2956.47974214826,2907.279625410543,2952.0070042630127,2136916
2022-07-11,2785.4423828125,2884.9160330481313,2778.4648677976734,2868.0537232952515,6974600
2022-07-12,2759.41064453125,2805.4798410310173,2755.429951813746,2786.4259354986384,3734815
2022-07-13,2718.306396484375,2782.04291010001,2714.9518431361835,2776.675624742904,3863530
2022-07-14,2689.60546875,2741.85041032722,2661.1286121821595,2740.9535014589414,4764908
2022-07-15,2685.883056640625,2716.6468518893935,2648.571564686502,2707.3639776191076,4574806
2022-07-18,2747.679931640625,2759.743310428452,2703.5520653201875,2711.3551275827026,3202795
2022-07-19,2757.322021484375,2761.5374492687492,2717.678694261558,2717.678694261558,1865074
2022-07-20,2838.53662109375,2844.9494305372705,2778.66796698141,2787.4128265708528,3402251
2022-07-21,2849.74853515625,2855.757780661632,2819.9263158701324,2840.5103301995564,2420640
2022-07-22,2844.097900390625,2867.417529974402,2819.4329075616306,2856.6546240126586,2075886
2022-07-25,2840.28564453125,2857.954702243871,2824.4552934601734,2838.7160542958572,1797504
2022-07-26,2794.67822265625,2842.214392123494,2777.278278402279,2838.447418714807,2639367
2022-07-27,2860.107666015625,2864.816437135854,2789.3863207449663,2793.870864668994,1389808
2022-07-28,2924.37158203125,2927.5107633031744,2871.588403627416,2884.459134431069,2106333
2022-07-29,2961.502685546875,2975.3152106143125,2937.3759296220765,2950.829559834086,2430257
2022-08-01,2958.722900390625,2984.0156856722806,2933.78879105321,2984.0156856722806,1306913
2022-08-02,2952.4443359375,2971.368979620975,2934.3714928201657,2950.829856355455,1269114
2022-08-03,2995.22705078125,3003.747684703221,2939.2151378990916,2941.8609751646954,2895824
2022-08-04,3009.08447265625,3038.637577140398,2966.3917403654004,3004.6448173920953,2150567
2022-08-05,3018.14306640625,3028.861083003313,3009.1290889772326,3014.689879862934,1106933
2022-08-08,3026.573974609375,3030.56517513093,2992.087873696429,3018.098229912615,1068836
2022-08-10,3008.45654296875,3036.0364904074586,2991.1910474176884,3036.0364904074586,1878359
2022-08-11,3069.6708984375,3075.231690164027,3027.112612317826,3049.4904469503285,1449248
2022-08-12,3050.88037109375,3066.5313868784974,3032.6730774737994,3066.5313868784974,1472354
2022-08-16,3042.94287109375,3062.8095351985526,3038.2789884704052,3059.35634824282,839942
2022-08-17,3050.4765625,3065.58934417508,3023.569298894891,3036.1260219106084,1622326
2022-08-18,3032.6728515625,3042.314621072089,3015.407357324399,3040.520803488909,1430659
2022-08-19,3036.70849609375,3068.772980694016,3023.703320521614,3037.829631918934,1398410
2022-08-22,3008.7255859375,3035.22928589152,3002.3125563634576,3018.0982394990715,1536532
2022-08-23,2945.987060546875,2997.3797653396714,2932.8921030180345,2977.6926587789303,1849256
2022-08-24,2919.752685546875,2966.974854945067,2915.133472995961,2952.624311511234,1691923
2022-08-25,2886.431884765625,2940.201524060297,2883.337593169555,2938.2732577100746,1946930
2022-08-26,2890.019775390625,2921.2322484903357,2885.1765549837287,2900.8724605252028,1457962
2022-08-29,2809.611572265625,2818.7151085660375,2763.375882019418,2802.8398673517304,2539173
2022-08-30,2880.108642578125,2893.876280423968,2818.1772643190006,2829.7473003990763,3431525
2022-09-01,2808.849609375,2861.1394429895345,2799.252727764996,2861.1394429895345,3546935
2022-09-02,2807.68310546875,2836.9224187454834,2798.6244583411744,2836.9224187454834,2052900
2022-09-05,2810.3740234375,2823.4240906299206,2791.4044893857963,2801.6291623975735,2147912
2022-09-06,2804.67919921875,2817.0565866260768,2786.113227593717,2812.258036114902,1936453
2022-09-07,2824.904296875,2835.936100924758,2782.211346585574,2782.211346585574,1291534
2022-09-08,2842.88671875,2855.308992469009,2834.3214154044554,2843.200724399798,1346113
2022-09-09,2885.939208984375,2900.155304482858,2841.8562184177936,2865.6243073520122,1561185
2022-09-12,2908.63037109375,2932.7124601440546,2892.530901806751,2905.894755438751,1785928
2022-09-13,2896.4326171875,2927.017076901439,2892.530976189004,2927.017076901439,1972678
2022-09-14,2798.7138671875,2817.548950205799,2792.7944010505757,2811.8088220175355,5090269
2022-09-15,2784.319091796875,2814.2757599671518,2780.4174506886047,2807.32471634043,2138023
2022-09-16,2698.529296875,2775.3496622556345,2690.726234589064,2758.8912991986535,5322221
2022-09-19,2716.557861328125,2728.3970156291753,2679.784594516555,2723.015561949433,2072220
2022-09-20,2726.8720703125,2762.4344192765325,2717.633865194194,2735.572042522209,1544295
2022-09-21,2691.802001953125,2727.8576832817275,2689.0663869740574,2715.8391958294674,2253818
2022-09-22,2697.363037109375,2717.588371341312,2672.1600349538703,2681.7569138948443,2017983
2022-09-23,2674.62646484375,2710.9063756884557,2671.8908496859917,2694.313565779362,2652374
2022-09-26,2685.703857421875,2713.9118168201303,2624.445156215398,2654.715830856097,2925489
2022-09-27,2706.37744140625,2713.1491467072833,2669.2006150746693,2699.1572817008023,2227447
2022-09-28,2722.701171875,2735.527011795521,2672.7882836301883,2672.7882836301883,2739767
2022-09-29,2688.3046875,2740.8187395314417,2681.757209715352,2739.1593707259813,2493902
2022-09-30,2694.807861328125,2708.395944492263,2645.9712122185083,2682.5202523624566,2817353
2022-10-03,2677.22802734375,2709.292518723233,2667.406919233083,2686.2420050783735,1763331
2022-10-04,2772.479736328125,2778.6236496108236,2711.3554850786054,2717.588957864213,2145875
2022-10-06,2782.166259765625,2801.943142965374,2773.645626008208,2790.2833283499613,1790816
2022-10-07,2748.93603515625,2784.902170094704,2742.8372297358187,2778.085574778819,1939879
2022-10-10,2797.054931640625,2804.633767069704,2695.210895441145,2699.6954393603482,3064063
2022-10-11,2753.1064453125,2820.7781703423966,2738.5765665760173,2780.417274423348,4730645
2022-10-12,2781.090576171875,2789.297205916645,2746.3802417358793,2766.874480961619,1665247
2022-10-13,2783.377685546875,2789.386931927383,2737.6802167426417,2781.0905238501073,2054781
2022-10-14,2779.655029296875,2825.262932800845,2754.407132263935,2820.778388463066,2245977
2022-10-17,2798.179443359375,2813.1515376703646,2761.940424094576,2763.019456376146,1517005
2022-10-18,2827.808837890625,2837.3857701324823,2813.2863596612765,2832.5748013053026,1793722
2022-10-19,2807.261474609375,2840.6677838083356,2798.403970627268,2840.6677838083356,1194289
2022-10-20,2839.13916015625,2841.5670374514175,2792.1093833185605,2792.1093833185605,1587601
2022-10-21,2821.244873046875,2841.9271686100274,2811.892966346816,2839.589301704329,1021913
2022-10-24,2843.095703125,2857.753197352684,2837.0709054901563,2850.6493675283837,260949
2022-10-25,2843.455322265625,2863.373179310594,2833.608577956596,2860.001066749578,2069643
2022-10-27,2839.229248046875,2854.156556669097,2818.5021682804067,2842.1967515125716,2438421
2022-10-28,2844.4892578125,2858.202515121167,2828.078310541472,2832.57446047874,1355739
2022-10-31,2871.376220703125,2876.6368040808793,2857.5731717627386,2876.6368040808793,1919414
2022-11-01,2931.219970703125,2933.827869411688,2880.638283485939,2890.5748188380967,2991060
2022-11-02,2915.0341796875,2940.482435498772,2897.364395986869,2940.482435498772,1405955
2022-11-03,2883.60595703125,2902.7596009654008,2873.040003965025,2902.7596009654008,1422652
2022-11-04,2893.18310546875,2895.566197178931,2847.097558550178,2892.823501210687,1464013
2022-11-07,2907.8408203125,2916.023903416449,2873.130664328442,2903.614482038258,1474498
2022-11-09,2891.96875,2922.317763177847,2879.019705987638,2922.317763177847,1162267
2022-11-10,2882.61669921875,2900.01688836437,2850.5592360046676,2850.5592360046676,1573092
2022-11-11,2981.802001953125,3004.8673857085314,2927.038976756328,2940.1228186004687,3265394
2022-11-14,2999.3818359375,3011.5214416293475,2975.5522395794296,2989.040690348149,1342074
2022-11-15,2996.7744140625,3003.383623783829,2960.265583029861,2986.34325675643,1400708
2022-11-16,3017.23193359375,3028.517096203142,2986.747900169754,3002.4394221817815,1748235
2022-11-17,3011.521484375,3021.4130150791284,2983.420544874636,3003.4284137988952,1417986
2022-11-18,3006.530517578125,3023.885700589663,2986.3428478650717,3012.420518021075,1164540
2022-11-21,2952.622314453125,2997.763625863064,2943.180397504211,2987.692291691947,1304194
2022-11-22,2980.90283203125,2984.4997524987552,2927.2188379614577,2949.474783354145,1149739
2022-11-23,2974.9228515625,2994.4360999578107,2959.3661276159623,2994.4360999578107,1150011
2022-11-24,3039.5322265625,3051.042414583357,2974.9226821505467,2982.0715168131032,1296591
2022-11-25,3048.075439453125,3060.395068338358,3010.6225909150426,3042.09564667431,1588981
2022-11-28,3053.111083984375,3072.6693392164375,3026.4039931614175,3026.8086028102216,2195437
2022-11-29,3054.9990234375,3083.459564145022,3042.094985565065,3042.094985565065,1576028
2022-11-30,3049.10986328125,3070.781179784717,3034.9019819469286,3042.095823681914,3410702
2022-12-01,3125.40869140625,3129.320429758879,3075.3666292457947,3079.862779288552,2180856
2022-12-02,3092.5869140625,3119.3390078373773,3069.0721362573277,3109.6274990054326,2411749
2022-12-05,3080.671875,3092.586672135732,3063.6765163350246,3087.0564956202343,1475065
2022-12-06,3044.208740234375,3064.53120899408,3028.6070100128413,3057.427378941616,1166999
2022-12-07,3039.937255859375,3051.717038027653,3016.017648233855,3028.8766821146633,1167505
2022-12-08,3012.915283203125,3039.9371900709016,3002.933741848368,3021.4129632545614,1285619
2022-12-09,2960.93994140625,3034.092398588754,2946.192655434108,3034.092398588754,1797896
2022-12-12,2955.2744140625,2963.8621045413224,2909.99831491075,2927.443289239768,1527610
2022-12-13,2996.32470703125,3000.2362262470147,2938.5041676355268,2946.9568427685667,1378016
2022-12-14,3026.22412109375,3036.7000639995404,3004.237769399859,3011.3418189511494,1213311
2022-12-15,2972.04541015625,3025.6843963408824,2966.5150134691307,3020.3340212997255,1415694
2022-12-16,2913.730224609375,2960.2653805768264,2900.1967681932483,2944.9784694377604,2703680
2022-12-19,2879.379638671875,2918.4511406152537,2872.590407855624,2901.815384614212,2120965
2022-12-20,2917.05712890625,2921.598284336248,2844.84891564421,2876.5467732997513,1529971
2022-12-21,2939.17822265625,2952.2170574887764,2913.5051625782858,2921.5982324743363,1432566
2022-12-22,2931.219970703125,2962.0636034383856,2918.091344499675,2962.0636034383856,1384101
2022-12-23,2903.029541015625,2937.649899386993,2892.82319170629,2892.82319170629,1360281
2022-12-26,2925.105224609375,2942.280605691526,2900.061800443613,2903.029303397411,870157
2022-12-27,2931.040283203125,2943.8993165416755,2905.861842359533,2939.762770587653,835883
2022-12-28,2928.882080078125,2936.97514996556,2900.9159396516716,2922.3176572617135,910795
2022-12-29,2939.3583984375,2941.8312812201243,2902.714771749522,2905.5024728835565,1037927
2022-12-30,2928.52197265625,2966.559441349987,2919.0800587022713,2954.9144580477905,1163131
2023-01-02,2932.793701171875,2937.64967499698,2909.1889131762478,2932.3890915710945,709547
2023-01-03,2977.665771484375,2985.4440242743467,2918.271577635895,2924.2963755843903,1245178
2023-01-04,2980.6328125,2992.05320982366,2955.049761355759,2973.4839774740417,1231668
2023-01-05,2977.44091796875,3001.00070304536,2951.228228425236,2994.6160814211885,1826057
2023-01-06,2887.92236328125,2968.8530692467866,2877.5362121079547,2967.4592187363287,2488376
2023-01-09,2985.398681640625,2991.7382972331907,2896.5547111423953,2903.613754663653,2885060
2023-01-10,2955.229736328125,2965.660893386526,2904.6032569263607,2953.9709019935526,3864655
2023-01-11,2993.267333984375,3011.971364872046,2941.5165953316505,2958.5571821774433,2720512
2023-01-12,2998.347412109375,3012.4202727322386,2981.4418454770766,2993.5364441569022,2250391
2023-01-13,3034.49658203125,3038.4981115465553,2971.955092826684,3006.035821355623,1742837
2023-01-16,3066.2255859375,3083.6532862672816,3033.1174683396407,3050.5451686694223,1843607
2023-01-17,3107.012451171875,3110.1394632983647,3054.2234929569645,3062.500521393162,1688475
2023-01-18,3117.681396484375,3135.1090986179565,3101.357253479184,3108.48469619976,2421189
2023-01-19,3102.138916015625,3114.9222389947813,3091.0108193863184,3108.484549100195,1585044
2023-01-20,3092.942138671875,3121.9575463467286,3086.0446139576375,3094.689421787962,1529349
2023-01-23,3140.580810546875,3144.35154713911,3086.044562341497,3115.8417787971057,1067916
2023-01-24,3160.261962890625,3174.6547081099407,3142.7882334602164,3149.869647323622,1387863
2023-01-25,3154.23779296875,3159.0660598724853,3131.4759632797122,3150.1453068799115,874110
2023-01-27,3137.0400390625,3169.1824569748724,3110.599529591221,3150.789059081809,1785879
2023-01-30,3157.82421875,3180.632075416511,3113.588234689339,3145.2708153947992,1953798
2023-01-31,3088.895751953125,3171.9420023718426,3081.8143374740634,3171.9420023718426,2820375
2023-02-01,3134.55712890625,3144.351523952907,3085.492647809887,3092.8500073277646,2205161
2023-02-02,3182.42578125,3190.3350325720744,3145.363262166592,3151.708894962381,1813847
2023-02-03,3202.566650390625,3222.523443017251,3175.5282196617327,3222.523443017251,1804469
2023-02-06,3182.01171875,3194.151316116606,3160.767479490634,3194.151316116606,1138714
2023-02-07,3193.599853515625,3212.4070586382527,3183.345399100722,3190.2429235610102,1455647
2023-02-08,3237.330078125,3255.5393623719233,3198.6579142429127,3198.6579142429127,1986946
2023-02-09,3256.413330078125,3262.6211020458163,3223.71901947586,3232.6397728051547,1655427
2023-02-10,3253.37841796875,3257.7928785550507,3226.339987208153,3237.238165731009,1187821
2023-02-13,3202.658447265625,3263.908553895811,3194.3814179658048,3263.908553895811,1087939
2023-02-14,3218.936767578125,3241.6985980328905,3214.246361188052,3223.4430603616947,1579818
2023-02-15,3237.8359375,3242.756261571135,3182.1959052183624,3206.889133323468,1429449
2023-02-16,3272.231689453125,3287.8200500995868,3243.675892783564,3243.8597818666217,1618931
2023-02-17,3219.90185546875,3254.619390688415,3209.6476269306054,3242.893600647336,1061369
2023-02-20,3207.165283203125,3239.07778776799,3195.8993255369815,3220.684387496735,1296082
2023-02-21,3173.781005859375,3227.029806293947,3168.0330686566454,3213.326813814157,1139541
2023-02-22,3128.302978515625,3170.101927695676,3122.2790961783635,3140.626464518194,1218430
2023-02-23,3139.5693359375,3175.068461467988,3134.2352052950296,3146.190914704899,1441570
2023-02-24,3127.291748046875,3158.100692470088,3110.599827670895,3147.5705160729894,977592
2023-02-27,3064.201904296875,3117.6806132044985,3049.625048196495,3117.6806132044985,1128022
2023-02-28,3046.728515625,3119.52029834111,3034.8186108063605,3061.1212597371414,4116217
2023-03-01,3113.726318359375,3116.761273918401,3048.7057016935673,3056.063060853009,1669307
2023-03-02,3054.637451171875,3099.195411560482,3051.464635019518,3091.0104395119347,1556538
2023-03-03,3073.6748046875,3088.2516630694918,3063.5126314585646,3084.5729833040723,1043190
2023-03-06,3100.98876953125,3131.4297058280413,3089.170922543595,3091.8378752076405,1334132
2023-03-08,3118.04931640625,3123.19955861125,3063.283143345182,3093.7701163628517,1844590
2023-03-09,3068.800537109375,3113.082552138474,3063.282517814595,3113.082552138474,1648500
2023-03-10,3063.420654296875,3069.16859157978,3025.7141857210204,3046.774538114063,1024404
2023-03-13,3018.310791015625,3099.103887099542,3009.1601197869472,3065.2599875458113,1901233
2023-03-14,2956.693115234375,3038.9575544339746,2951.5889016669603,3016.517695534815,2670334
2023-03-15,2941.93212890625,2998.4460272576657,2935.5864960289846,2988.9273534129698,1780522
2023-03-16,2929.148681640625,2961.1532396142297,2917.1929727359693,2950.301089702708,1901060
2023-03-17,2923.90673828125,2962.62470874156,2891.4423439035454,2897.420198622175,6739966
2023-03-20,2890.79833984375,2915.031506138674,2846.4242687303476,2915.031506138674,2289468
2023-03-21,2856.5869140625,2903.168107097095,2848.631634298453,2890.798591207588,1815297
2023-03-22,2879.302490234375,2890.9822527438723,2856.5866892222766,2878.6127378279625,1123939
2023-03-23,2873.646728515625,2893.603746811064,2851.896623184191,2864.6799461628207,1372218
2023-03-24,2869.830078125,2915.3537406365167,2856.4948638539495,2895.9486148857454,1329577
2023-03-27,2871.485595703125,2899.48950141767,2856.4949302682685,2883.165359430464,1524217
2023-03-28,2865.599609375,2896.546639011127,2860.3115069743058,2875.808035994818,1303530
2023-03-29,2886.752197265625,2896.960624515923,2854.747859513075,2877.6475536858165,1740616
2023-03-31,2948.36962890625,2954.8993749774395,2898.7995113379675,2933.7009389751283,2382581
2023-04-03,2942.94384765625,2965.889568062685,2918.8025114059446,2965.889568062685,1521830
2023-04-05,2979.546875,3002.1248181336805,2929.60874969603,2929.60874969603,2655065
2023-04-06,2961.98095703125,2995.686995347432,2956.7388832326774,2965.935582713961,1703464
2023-04-10,3001.250732421875,3009.159983559372,2956.738798026706,2961.3371476348343,2203187
2023-04-11,2955.63525390625,3010.033640232757,2935.7242652855402,3001.8026392985266,2348779
2023-04-12,2981.248291015625,2998.997967667556,2942.024453678238,2968.6488563917255,2417727
2023-04-13,2932.689453125,2970.5337797333086,2924.550284690997,2952.140381716384,4174070
2023-04-17,2887.3037109375,2909.2837321918887,2823.6165690415223,2882.3375831860076,5505048
2023-04-18,2879.256591796875,2903.260066434997,2860.725332786317,2901.51255887594,2617302
2023-04-19,2841.412109375,2887.763380835499,2824.7659949796926,2879.2564345702986,3298034
2023-04-20,2855.391357421875,2862.9326062428067,2830.744157409367,2841.7801970094033,2419999
2023-04-21,2906.93896484375,2910.249642075821,2851.7127372827904,2860.173656247601,1929184
2023-04-24,2919.7685546875,2925.424435751351,2875.0264715007334,2897.9724191466767,1640676
2023-04-25,2920.87158203125,2934.8505195080106,2894.66099006403,2927.3092712863568,2024090
2023-04-26,2941.2421875,2950.6688039321384,2925.469938598228,2925.469938598228,2000029
2023-04-27,2931.861328125,2942.207613495409,2915.950995494085,2929.1483470891785,2434446
2023-04-28,2960.647216796875,2968.0045757265557,2939.4948098740424,2943.311350007304,2931312
2023-05-02,2960.78515625,2975.1320963561516,2952.1403490891025,2975.1320963561516,2321159
2023-05-03,2924.458251953125,2957.658425458373,2918.2504800713327,2957.658425458373,2468285
2023-05-04,2961.98095703125,2965.429719336731,2922.711095151928,2924.688295728886,1953253
2023-05-05,2971.177734375,2983.409389911408,2952.186639259988,2961.3373105779083,1710027
2023-05-08,2989.479248046875,2993.38784535891,2971.7295729946986,2984.3290064830276,928235
2023-05-09,3019.50634765625,3033.071479348302,2985.248642196661,2991.3185536466567,1107375
2023-05-10,3022.77099609375,3040.888447761684,3003.687846149381,3025.713894793873,1559987
2023-05-11,3018.49462890625,3043.831580870088,3009.160068749002,3043.1878568124844,1719623
2023-05-12,3011.275390625,3025.71416407058,2998.124065310058,3015.7356552073384,1027479
2023-05-15,2993.571533203125,3027.553290878769,2987.409789819426,3020.1959317271803,1150390
2023-05-16,2996.422607421875,3021.1158357999793,2989.3411935953186,2994.629295895425,986306
2023-05-17,2950.94482421875,3016.517334349857,2941.3343184708624,2994.39922789193,1588815
2023-05-18,2942.8056640625,2969.567922023238,2938.345175471324,2966.8089124688054,1369364
2023-05-19,2963.95849609375,2974.672561589856,2945.7489855149392,2952.1406469944154,1152449
2023-05-22,3033.71533203125,3042.6821143773673,2958.6243676314443,2970.5340490212952,1333243
2023-05-23,3032.19775390625,3060.6154646158416,3025.8060928695586,3040.4287547824956,1687418
2023-05-24,3037.99169921875,3050.7289928061655,3012.838637267653,3012.838637267653,1016555
2023-05-25,3028.93310546875,3040.428980318715,3004.6539075971464,3029.392940462749,1374917
2023-05-26,3061.4892578125,3070.4560399745756,3026.6338559375918,3028.9330308509448,1791115
2023-05-29,3053.62548828125,3101.12634018703,3045.9461561979374,3090.8260840814814,1210372
2023-05-30,3049.80908203125,3059.69553282269,3036.152119608709,3048.705523127727,1344224
2023-05-31,3025.25439453125,3060.3857428071565,3002.8603407413625,3043.187959113515,5815424
2023-06-01,3056.982666015625,3071.6973840229207,3032.611414316042,3047.7859672610653,1177314
2023-06-02,3040.060302734375,3067.9261155035556,3032.5648598324387,3059.0513925564883,2030661
2023-06-05,3024.70263671875,3059.742154266237,3021.1620418616694,3048.706114034438,1861468
2023-06-06,2972.64892578125,3024.6563011369967,2961.8888333525238,3016.5171330853027,2022849
2023-06-07,3011.826904296875,3015.45978007146,2980.6501840988403,2991.6862230402735,1567196
2023-06-08,2976.465576171875,3007.320545945049,2973.2927599511754,2999.0435169195125,1759366
2023-06-09,2951.496826171875,2988.9273483672064,2947.8641747619263,2984.3289986004875,1775689
2023-06-12,2986.076171875,2992.9736962713932,2953.0601115757804,2956.7387912538566,2324605
2023-06-13,2983.13330078125,3002.7223151549406,2978.81089702507,2998.123965514581,1371928
2023-06-14,2989.89306640625,2994.3075271171197,2966.7174283351833,2983.1334023931563,1658544
2023-06-15,2979.9326171875,3008.7932982828993,2974.0955619663478,3006.801393292492,2273810
2023-06-16,2941.5751953125,2964.2746801787644,2924.064254609405,2962.0511476509087,4156189
2023-06-19,2974.46630859375,2978.6356017646413,2941.667959462191,2955.565603365162,1468186
2023-06-20,2990.494873046875,2994.942164191664,2965.8034836575825,2977.8017372658956,1528452
2023-06-21,3018.75341796875,3021.718203335577,2987.020465383,3011.156084779186,1645987
2023-06-22,3000.501708984375,3027.5093766697696,2992.7191178657326,3020.421667836672,1529603
2023-06-23,2979.9794921875,3010.600456074895,2973.308441549502,2999.3898246945273,1119505
2023-06-26,2955.241455078125,2977.7093143980414,2939.8151596740126,2969.4634688796755,1978803
2023-06-27,2962.37548828125,2973.771375126299,2948.431473899292,2966.683667337439,863542
2023-06-28,2979.1455078125,2993.5064078645332,2958.715924111652,2972.243055930447,1575872
2023-06-30,3059.566162109375,3066.7466111233343,2977.894435739723,2983.3607516063857,2672406
2023-07-03,3031.81787109375,3074.900574055646,3028.5287162730547,3070.731280220624,1687264
2023-07-04,3065.68115234375,3071.379095480353,3036.4497313989273,3048.2163572037293,1656681
2023-07-05,3075.965087890625,3084.350043883468,3062.113816471872,3076.0114586041195,1453008
2023-07-06,3078.698486328125,3083.8406595588453,3059.334527255893,3063.5501909386862,1848238
2023-07-07,3084.58203125,3110.199930757501,3059.334645096493,3059.334645096493,1789326
2023-07-10,3031.4931640625,3080.412918176495,3025.239224007551,3080.412918176495,1407431
2023-07-11,3031.91015625,3052.8493652895645,3021.1627797878978,3052.8493652895645,1110172
2023-07-12,3020.328857421875,3047.429265939349,3011.2492433903294,3039.8319316972584,1515240
2023-07-13,3095.052001953125,3119.9750222295534,3032.2345994922275,3042.657833544412,4585146
2023-07-14,3256.356689453125,3265.8072677930727,3105.66000208669,3117.704626199795,6306101
2023-07-17,3235.09375,3289.0165672292546,3221.520473895772,3252.0489220985337,2743228
2023-07-18,3239.865234375,3265.0198799170403,3210.3558126880093,3220.5474184425743,2600090
2023-07-19,3215.034912109375,3258.3956097228456,3192.42794053721,3242.7838313695074,2405370
2023-07-20,3217.125,3231.615999345678,3191.8119589657226,3207.6500721995853,1715404
2023-07-21,3128.87744140625,3190.743301408389,3120.2849419514946,3162.086290650304,3770223
2023-07-24,3153.447509765625,3170.8182482458337,3132.4075869016933,3140.6748745909354,1680132
2023-07-25,3157.534912109375,3164.6412784954264,3139.9319425060908,3156.0022864819,1272980
2023-07-26,3147.456298828125,3177.6926576909354,3144.3908207651316,3158.649818156021,1066803
2023-07-27,3155.4443359375,3169.1458889102455,3144.4367836891192,3153.632989545926,1701769
2023-07-28,3116.894287109375,3152.47192520402,3094.228757385738,3144.3903763886888,2599831
2023-07-31,3178.249755859375,3183.0800891327967,3122.0036670222876,3125.254883408398,2743678
2023-08-01,3206.674560546875,3214.0594205054076,3172.258069660684,3172.258069660684,1956167
2023-08-02,3196.08447265625,3201.4257559135945,3170.957399805504,3190.789680697638,1914899
2023-08-03,3158.27734375,3189.2103843153136,3128.5984342456786,3176.902210546384,2026351
2023-08-04,3198.77880859375,3224.277587720079,3159.485492720518,3159.485492720518,2248493
2023-08-07,3236.39990234375,3240.0690865999345,3196.642128515489,3208.439353054858,1853889
2023-08-08,3223.90625,3241.8806958970467,3210.9013844925967,3236.4001647193836,1634225
2023-08-09,3216.3818359375,3220.5619711755417,3181.593866924947,3218.6111506830484,1794589
2023-08-10,3197.431640625,3218.61080881872,3186.2381232080143,3204.770008770933,1096701
2023-08-11,3203.655029296875,3220.236092906804,3171.3286114502152,3193.715644032526,1679974
2023-08-14,3204.631103515625,3209.4149453532923,3168.5425118958265,3196.1313591222456,1190425
2023-08-16,3212.573486328125,3219.6333616789852,3191.0226101647404,3204.7706571819094,1328445
2023-08-17,3191.533447265625,3214.802913522075,3170.586278504093,3209.4151379764926,1843241
2023-08-18,3127.762939453125,3167.6134698101937,3117.9163083336994,3167.6134698101937,2526749
2023-08-21,3159.856201171875,3167.380533347142,3132.3138524661817,3135.100608562682,1375579
2023-08-22,3141.742919921875,3168.54232050071,3125.858543041599,3158.3242127535664,1222012
2023-08-23,3156.69873046875,3160.1821764304236,3136.0302844294856,3147.1773115068418,1330046
2023-08-24,3146.945068359375,3170.4467623713062,3137.9810915042904,3165.7556764722162,1152881
2023-08-25,3140.95361328125,3145.133748452828,3112.1106352399906,3135.101378683671,1158046
2023-08-28,3135.612060546875,3152.750567923211,3121.2603097126043,3152.750567923211,1037485
2023-08-29,3136.16943359375,3148.6170828467652,3125.8120786392947,3140.7212722469335,944517
2023-08-30,3149.91748046875,3165.8485755841652,3142.579111915721,3156.4664040334264,1188200
2023-08-31,3118.195068359375,3174.487418701091,3105.979648519252,3159.2532391652235,3417652
2023-09-01,3139.002685546875,3148.1061360779117,3118.1949930075107,3126.741001486648,1277950
2023-09-04,3175.50927734375,3188.839354347761,3130.5032017453473,3137.888061684127,1828332
2023-09-05,3185.588134765625,3201.9834627096716,3163.1081158549873,3176.902652296802,1501842
2023-09-06,3186.098876953125,3199.103741686018,3156.5594370607423,3189.907535196781,1314818
2023-09-07,3209.64697265625,3214.059337353484,3179.039140798069,3186.9349513089087,1885092
2023-09-08,3197.245849609375,3218.703966769239,3190.8828912594386,3209.647007555386,1518917
2023-09-11,3233.241455078125,3237.9325408464088,3200.1255872484753,3215.917208433736,1783604
2023-09-12,3326.27294921875,3334.7259754079064,3235.424632526024,3243.7849028943087,4476016
2023-09-13,3314.243408203125,3333.750705221569,3293.01752049451,3317.262394646456,1754929
2023-09-14,3306.997802734375,3341.9715088947505,3293.574969875399,3316.28699181143,2604721
2023-09-15,3342.529052734375,3350.9358144624653,3309.227218164352,3314.2435164908143,2952897
2023-09-18,3349.820556640625,3362.0359753584007,3321.117055435085,3325.5759111878315,1395753
2023-09-20,3349.72802734375,3367.3309950501616,3325.52964476678,3325.52964476678,1649396
2023-09-21,3330.45263671875,3348.7522918187597,3277.225543838165,3333.4716228348143,2004073
2023-09-22,3347.498779296875,3375.4593312071706,3311.64264287237,3329.2456121214996,1989083
2023-09-25,3322.881591796875,3362.6858506609947,3305.6965950462595,3346.4297726536556,1238778
2023-09-26,3330.824462890625,3339.4169627375986,3284.6572387999286,3314.0111668297322,1726062
2023-09-27,3334.16845703125,3357.1127071544365,3302.9566931122054,3334.8186548656413,1541134
2023-09-28,3285.354248046875,3346.7093928835707,3276.6225002286055,3344.1083743461513,1755753
2023-09-29,3277.783447265625,3314.80073078161,3256.3718204401093,3285.7720140406323,2243791
2023-10-03,3264.081787109375,3282.9851507659523,3232.7307740458355,3282.9851507659523,1948148
2023-10-04,3286.28271484375,3295.8041332105504,3230.12961480862,3238.4898845941034,1788138
2023-10-05,3334.215087890625,3366.4020365150864,3298.776696384458,3301.37771461772,2990768
2023-10-06,3363.987060546875,3376.573957922691,3320.931802445196,3335.748014629831,2075691
2023-10-09,3379.732177734375,3417.492640385133,3372.904533090084,3385.955889020274,4233074
2023-10-10,3370.953857421875,3388.696299926251,3345.3623220029544,3381.3114396957885,1848148
2023-10-11,3353.304443359375,3390.554184152061,3348.7528311967617,3390.554184152061,2426417
2023-10-12,3290.74169921875,3333.56472449737,3286.6080554652567,3320.885072209126,4241281
2023-10-13,3317.0302734375,3322.7430341793447,3274.4392495057846,3279.0838441859346,2890357
2023-10-16,3273.556640625,3320.5598001135572,3268.958537503607,3312.5247424765194,1671104
2023-10-17,3257.76513671875,3282.9387033243615,3254.32818207953,3279.083780529412,1672065
2023-10-18,3239.372314453125,3272.302442885238,3236.353328139562,3261.434137513778,1408245
2023-10-19,3218.324462890625,3238.0686815240006,3214.832003562597,3231.223370291604,1514545
2023-10-20,3254.55322265625,3259.1632237474687,3207.521434458151,3213.43519615391,1481211
2023-10-23,3175.949462890625,3240.0244989975004,3167.707394851243,3234.4831753695994,1106272
2023-10-25,3157.276611328125,3189.7796767932823,3145.262414223449,3157.6490493920073,1518537
2023-10-26,3107.590576171875,3142.002899555925,3101.304148843139,3136.741018000601,1984471
2023-10-27,3120.815185546875,3131.1063449752,3107.8232817317794,3119.930474618358,1108851
2023-10-30,3146.519775390625,3150.5245077395016,3104.7964806224877,3119.9304717166356,910972
2023-10-31,3137.392578125,3165.5650829081633,3119.976893370138,3165.5650829081633,999811
2023-11-01,3101.9091796875,3140.0470177894435,3083.608783594488,3124.5869734096973,1563475
2023-11-02,3129.33642578125,3144.097749107403,3113.5969411059323,3113.5969411059323,1245384
2023-11-03,3120.7685546875,3155.227488075118,3114.621962453366,3149.732776133044,1402598
2023-11-06,3148.1025390625,3159.325019444616,3128.311938084739,3143.213096467994,1099852
2023-11-07,3138.9755859375,3170.361105826031,3134.8312466684147,3146.0071156404942,1191144
2023-11-08,3149.313720703125,3168.312609208247,3138.137850435721,3139.907272278595,992899
2023-11-09,3117.555419921875,3158.5802210317074,3112.526369431392,3157.276460496739,2112352
2023-11-10,3104.516845703125,3117.5553602980613,3094.179302698473,3108.754408421209,1338557
2023-11-13,3102.747314453125,3125.5181025923366,3098.509751884596,3125.5181025923366,1030990
2023-11-15,3170.501220703125,3178.603680948949,3125.5649102414236,3150.757229249606,2059802
2023-11-16,3257.626220703125,3286.962876959751,3179.7209637752344,3194.4825150950874,3951984
2023-11-17,3261.91064453125,3282.4463523893537,3252.6906421657363,3257.626697192936,2021292
2023-11-20,3277.8828125,3291.200542556456,3251.4797282683567,3251.4797282683567,1475621
2023-11-21,3269.128173828125,3295.996918736589,3260.560052355792,3277.8827416982326,1807236
2023-11-22,3287.7080078125,3290.036314045069,3242.0268214284124,3259.6287255971747,1798051
2023-11-23,3267.311767578125,3300.606542947873,3259.628357877414,3287.5680295163634,2729804
2023-11-24,3219.675048828125,3263.8662551978136,3215.8565356961108,3254.273588142524,1989733
2023-11-28,3231.828369140625,3242.166138837972,3197.229832568979,3219.6747935926865,1689195
2023-11-29,3272.43408203125,3276.3922022300785,3237.0904424364394,3241.933273440279,1441634
2023-11-30,3248.08056640625,3275.1353041689813,3241.9337467212595,3259.116602029924,3266235
2023-12-01,3270.478759765625,3275.4148147825376,3250.3623289990637,3259.628942947853,1172141
2023-12-04,3271.223388671875,3304.145727168507,3257.76582517753,3301.2119251213085,1625213
2023-12-05,3289.05859375,3295.0189667313125,3262.2364605867833,3295.0189667313125,1377656
2023-12-06,3356.57958984375,3364.728661904826,3283.0514948908803,3289.990029573241,1896572
2023-12-07,3366.637451171875,3381.2127840148296,3345.030815693545,3357.4174498180882,1967653
2023-12-08,3377.627197265625,3394.670444147185,3354.670189052335,3383.494574372215,1641155
2023-12-11,3392.71435546875,3402.120802867414,3366.7305508802906,3374.0879070544743,1102503
2023-12-12,3419.9091796875,3444.4027776512853,3381.631736937403,3389.0357047671787,2236866
2023-12-13,3346.753662109375,3399.326766210702,3318.301717262666,3393.319782194453,3850968
2023-12-14,3415.392578125,3425.4042954103893,3378.4657304357984,3380.7008135779533,3290396
2023-12-15,3595.836181640625,3628.385857623635,3414.8801739559026,3414.8801739559026,8531230
2023-12-18,3594.159423828125,3659.165773966342,3567.1044621574897,3593.1351055942864,2521612
2023-12-19,3554.11279296875,3590.341373765734,3529.7121895342984,3580.934925794031,2004435
2023-12-20,3520.44580078125,3631.0403520286277,3507.87294653418,3564.4041790444217,2586083
2023-12-21,3527.383544921875,3545.264889298634,3486.265752436792,3498.279720293807,1517562
2023-12-22,3561.376953125,3581.8194348785914,3503.6349627762156,3539.0252149254707,2413058
2023-12-26,3534.88134765625,3570.6906542039846,3529.852069465564,3557.512531080164,1285231
2023-12-27,3549.456298828125,3555.9755563874555,3509.2232119367036,3538.094209699452,1293976
2023-12-28,3538.931884765625,3574.4153590343085,3531.6677519692553,3561.376845478686,1682889
2023-12-29,3532.878662109375,3560.0734608663474,3506.8016322454937,3531.5749015656434,1574996
2024-01-01,3549.363037109375,3568.8275851289145,3513.8795612451445,3529.71204270318,825907
2024-01-02,3523.37890625,3549.3629379884974,3508.5243592421702,3549.3629379884974,1344068
2024-01-03,3438.209716796875,3512.8087373367534,3433.83254667766,3508.29173242333,1803075
2024-01-04,3414.973388671875,3463.5883776999503,3400.2584476962943,3447.5230645740226,3598144
2024-01-05,3481.1904296875,3490.364047651674,3422.4707254669115,3422.6103328983795,1963127
2024-01-08,3425.68359375,3482.9133158422196,3420.1886545813795,3481.1902782695042,1067805
2024-01-09,3436.486572265625,3494.647840404757,3429.827707784857,3455.159632618118,1370944
2024-01-10,3458.046875,3473.1342532438607,3434.7172021085626,3436.579847012092,1292227
2024-01-11,3479.001708984375,3513.879690118427,3452.412406909358,3468.244888948058,1777909
2024-01-12,3616.138916015625,3637.0470599000287,3559.142026578151,3583.7288487280734,6813450
2024-01-15,3635.697265625,3692.6941641210597,3618.1883550089074,3688.03755105155,2801505
2024-01-16,3596.115478515625,3631.2262899610105,3590.760374343459,3631.2262899610105,1432672
2024-01-17,3617.81494140625,3641.4238268785593,3550.7131196931964,3556.7201034584054,3458696
2024-01-18,3634.5791015625,3640.3532553051646,3596.7673189636566,3630.2949273227173,2239110
2024-01-19,3697.834716796875,3717.059837136614,3671.5760158450357,3699.6634019644803,2941975
2024-01-23,3618.308349609375,3689.253641723034,3603.7722828902806,3657.461948675322,2618854
2024-01-24,3602.88134765625,3642.1285897607904,3568.9326446510017,3638.7056721419845,2657709
2024-01-25,3573.340576171875,3620.8875384611347,3543.7056629841854,3601.0996387813034,2205154
2024-01-29,3564.6181640625,3582.4365658297156,3545.721371666126,3564.4306477301684,1646747
2024-01-30,3564.196533203125,3608.5080891700763,3551.4891523141855,3570.6673355072853,1411621
2024-01-31,3578.639404296875,3595.5669365790986,3560.3520920216292,3574.1848025888025,2459358
2024-02-01,3614.463134765625,3662.057029330496,3568.4167652804376,3582.436989907515,2363107
2024-02-02,3719.638671875,3736.612908383376,3631.2030759637855,3634.063444426215,2826510
2024-02-05,3726.203369140625,3771.8747052852855,3715.6999348975555,3735.300087307631,1691523
2024-02-06,3878.785400390625,3891.8208786976347,3741.8650260054624,3748.4297014896824,4474396
2024-02-07,3829.456298828125,3896.603639652877,3820.594033092657,3894.7280181656797,2124267
2024-02-08,3877.003173828125,3899.4167572083225,3831.9413254430674,3835.6456317898123,2345173
2024-02-09,3876.62841796875,3924.5034728185747,3845.0240130368975,3879.3008122308597,2100596
2024-02-12,3864.436767578125,3900.917512535836,3850.2285690197773,3873.1582239962727,1013716
2024-02-13,3891.445556640625,3910.6706762721788,3827.67442810669,3868.891392141469,1257415
2024-02-14,3845.1181640625,3858.997580777476,3797.664845858732,3851.588967018598,1391283
2024-02-15,3848.025390625,3888.4446690678324,3829.0814296291696,3871.282914893268,1091582
2024-02-16,3871.563720703125,3889.9920672478725,3845.1177337734257,3857.4498528668705,1307556
2024-02-19,3848.587646484375,3871.56401029997,3802.822664172948,3866.640503768057,772291
2024-02-20,3779.986572265625,3843.1482139238024,3760.6208730684352,3828.2371155114192,1193648
2024-02-21,3743.27197265625,3810.653773179676,3733.0499260702422,3763.434905742085,1885939
2024-02-22,3832.92626953125,3840.287946278356,3724.0463538039667,3724.0463538039667,2982052
2024-02-23,3800.102783203125,3873.1581442686033,3794.7570791114713,3873.1581442686033,2538072
2024-02-26,3752.227294921875,3798.133079811019,3735.065314473416,3785.0037308931537,1379284
2024-02-27,3849.150146484375,3867.5313277921664,3750.3049902620937,3750.3049902620937,2960475
2024-02-28,3862.7958984375,3896.5099212553473,3834.7082823885885,3840.897925124464,1939225
2024-02-29,3840.428955078125,3880.754817970432,3811.778790417747,3844.0863254782985,3772719
2024-03-01,3839.725341796875,3882.5363087877504,3832.6448252006635,3851.776300908435,2043265
2024-03-04,3826.924072265625,3861.8105844645606,3822.4225351204777,3849.712918034811,1749271
2024-03-05,3762.590576171875,3811.2628621841086,3732.4867597177044,3809.387240696813,2070859
2024-03-06,3811.544189453125,3818.7652862706927,3712.276832263034,3745.662985779128,1744204
2024-03-07,3853.089111328125,3867.5313044415575,3786.598195707899,3812.200473461429,2688905
2024-03-11,3865.984619140625,3894.7284298874292,3834.7085359522507,3834.7085359522507,2304068
2024-03-12,3931.537109375,3966.8927577504023,3864.764800933032,3865.984229655007,4039801
2024-03-13,3890.9765625,3977.255146194866,3874.9399080779876,3943.493961270788,2837260
2024-03-14,3945.9326171875,3962.250432711918,3831.8947380025797,3895.150256479137,2919608
2024-03-15,3956.85791015625,3975.3796720157243,3917.2354069378816,3931.8653458631275,3373143
2024-03-18,3894.259033203125,3990.1501797762785,3861.7639831846413,3953.106656161222,1526904
2024-03-19,3729.954833984375,3805.636117588947,3719.920304502826,3799.305894869941,8931209
2024-03-20,3723.952392578125,3768.123367840969,3713.9178639455963,3738.113425638154,1817913
2024-03-21,3725.875,3759.120343748554,3702.476668668117,3741.9116546616547,3829582
2024-03-22,3667.683837890625,3693.098599879169,3615.260310445454,3654.6483605203457,5852485
2024-03-26,3636.36083984375,3701.257291825828,3630.68703955033,3634.016313190079,3440925
2024-03-27,3602.036865234375,3652.7725134223638,3591.2520426658625,3646.6767441445086,1968575
2024-03-28,3635.23583984375,3671.529069915745,3601.6621693515754,3610.6652440946027,4311783
2024-04-01,3673.17041015625,3688.691224515632,3646.255286286342,3655.3050688228736,1569676
2024-04-02,3642.26953125,3666.699547713614,3632.141129095373,3648.083912259489,2142666
2024-04-03,3701.820068359375,3733.4242418469757,3611.5088559037185,3611.5088559037185,3973090
2024-04-04,3754.337646484375,3778.1110105154908,3690.519582126367,3728.6414957560305,3394637
2024-04-05,3731.782958984375,3753.1181508715135,3714.1990096268437,3730.610695693873,1636819
2024-04-08,3725.50048828125,3781.862782240049,3713.7309164791463,3735.300565741525,2302538
2024-04-09,3701.116943359375,3766.1072720566044,3680.954012876369,3736.2379090370728,1876992
2024-04-10,3736.847412109375,3742.052307422326,3674.3424188992844,3710.3542591400274,2101965
2024-04-12,3752.55517578125,3763.7621954158662,3700.1316557669575,3724.0458256369507,4354821
2024-04-15,3696.099365234375,3811.450077595125,3675.326950485817,3752.555521752734,4200329
2024-04-16,3631.953369140625,3684.37689632826,3622.622198353119,3659.33739612377,3051420
2024-04-18,3621.824951171875,3691.2229435040135,3610.571222685582,3635.704595429841,3476284
2024-04-19,3588.251220703125,3612.9626239981167,3564.5245644253832,3599.3174326502835,2957749
2024-04-22,3624.263427734375,3636.8299998951316,3574.934491903105,3598.379760081903,1728883
2024-04-23,3633.735107421875,3652.772710601142,3620.5121138030436,3635.9390541705266,1807586
2024-04-24,3592.7998046875,3655.586186600659,3586.6101623523527,3648.0837008405756,1317312
2024-04-25,3612.634033203125,3632.7500252586483,3573.996281358353,3574.1837976912666,2856271
2024-04-26,3583.703125,3635.7046841917695,3566.07223748283,3615.400944510773,2039178
2024-04-29,3629.515380859375,3636.6428346569596,3581.687029156828,3599.3179183210755,1110693
2024-04-30,3583.04638671875,3640.3467125091584,3573.058794270598,3631.2030581143713,2203078
2024-05-02,3623.044189453125,3630.3591588386275,3543.095825813969,3543.095825813969,2491044
2024-05-03,3604.381591796875,3651.459872612422,3561.430044438285,3648.224242496259,2962234
2024-05-06,3677.20263671875,3694.927167103904,3613.384573734727,3613.384573734727,2053831
2024-05-07,3731.501953125,3739.9891860111734,3670.1222867238534,3686.3464581217104,2062112
2024-05-08,3729.6259765625,3736.518976345146,3693.6610759161904,3714.6679426556366,1247685
2024-05-09,3713.918212890625,3724.0466151272376,3666.887093758869,3715.606318089679,1726486
2024-05-10,3651.7412109375,3726.484911351382,3643.4417231221314,3716.1689930361385,1672489
2024-05-13,3702.2890625,3709.041253630369,3629.327345524533,3642.925600436705,931326
2024-05-14,3658.587158203125,3700.413608162642,3650.803283386374,3691.2230172569975,1058317
2024-05-15,3639.080810546875,3682.735947564617,3634.485629369305,3661.682141626229,1115021
2024-05-16,3684.942138671875,3693.0187445265583,3630.67337116967,3675.637702384871,2599399
2024-05-17,3621.7939453125,3702.937300542508,3617.9208829280115,3701.992673680125,2765804
2024-05-21,3608.66357421875,3631.8542103330115,3599.0757035999536,3618.487832180219,1908117
2024-05-22,3619.810546875,3628.548346342274,3606.1607332910276,3622.644427783305,1311168
2024-05-23,3677.85791015625,3688.768398021241,3613.6705522740735,3628.264993153404,2095742
2024-05-24,3636.341064453125,3668.7418115804035,3631.429050950218,3663.4990864307915,1309452
2024-05-27,3634.02685546875,3691.9325288692844,3628.64252842061,3641.5365929797185,1841538
2024-05-28,3627.272705078125,3655.706066734782,3617.9209911096164,3644.370544047232,1801993
2024-05-29,3593.030029296875,3635.774396680819,3589.582233347775,3635.774396680819,1568095
2024-05-30,3529.220703125,3584.2922676744465,3509.714018991741,3567.8558516313005,2919230
2024-05-31,3467.677978515625,3542.1618998121,3451.430442400017,3532.904510318457,10956800
2024-06-03,3497.811767578125,3543.815050940118,3491.3409811408733,3526.1032967744277,2156773
2024-06-04,3509.2890625,3537.6278705417226,3392.627636061575,3495.1196584791387,3395997
2024-06-05,3538.997314453125,3574.2792205302862,3495.1194421750433,3510.2334721952598,2799670
2024-06-06,3618.298828125,3627.2727837806888,3534.321587974697,3571.63435096414,4328036
2024-06-07,3678.32958984375,3698.2140306925203,3624.8165722996846,3624.8165722996846,4552445
2024-06-10,3645.031494140625,3689.617834286387,3629.161717309955,3679.321494112552,1734661
2024-06-11,3638.797119140625,3665.1048380918546,3628.311669035547,3632.0901763711736,1419898
2024-06-12,3619.4794921875,3677.9047569591216,3615.5121054162055,3659.8622913039767,2177001
2024-06-13,3663.40478515625,3674.5987063691045,3638.7028835305373,3643.23713885556,1932323
2024-06-14,3619.857421875,3673.6538756786167,3616.031636949793,3673.6538756786167,1860730
2024-06-18,3603.846435546875,3629.2568087209993,3584.906618726297,3614.1900547154564,1774045
2024-06-19,3591.18798828125,3621.557881055292,3582.9225030243783,3615.7010098615556,1509050
2024-06-20,3577.537841796875,3598.9808239935414,3570.7365749735936,3585.8033262818503,2846526
2024-06-21,3599.73681640625,3663.074093663598,3587.7401013764106,3615.087002922448,4642195
2024-06-24,3605.451904296875,3643.4258585651314,3581.363918973201,3597.8476118252383,1702154
2024-06-25,3625.90283203125,3634.593352796922,3582.875033532891,3605.6406325261373,1338808
2024-06-26,3642.33984375,3652.8250643098772,3628.312041577448,3631.618235835589,1639845
2024-06-27,3716.3037109375,3723.7191241208575,3606.679947095457,3618.865541478185,4526556
2024-06-28,3687.964599609375,3740.7220982180547,3682.0136353141756,3700.858893699783,2731571
2024-07-01,3757.914794921875,3780.1135277066987,3668.930984521538,3668.930984521538,2658723
2024-07-02,3794.94384765625,3800.61160880511,3762.0237400230303,3772.4619129298726,2307449
2024-07-03,3745.681640625,3803.162277059337,3735.9992153513335,3797.399960989219,1821198
2024-07-04,3798.29736328125,3823.2356509992096,3761.598747788845,3778.3658747158024,2518001
2024-07-05,3789.654296875,3803.7764231043757,3767.172130214255,3787.953922306711,1668616
2024-07-08,3772.084228515625,3808.0273294957547,3757.7732227074534,3799.2895303521054,1758882
2024-07-09,3764.810302734375,3785.072502499781,3754.9862757638116,3764.3379893103715,1305801
2024-07-10,3692.68798828125,3781.6247453008073,3685.933998497865,3763.109966642414,2669716
2024-07-11,3706.432861328125,3759.615406799936,3679.8889813768274,3713.3286844549116,4872189
2024-07-12,3952.271728515625,3967.3857582493197,3751.396688713167,3759.614896256505,13509164
2024-07-15,3938.33837890625,4005.217774223689,3926.860793883842,4001.1560633368813,4848030
2024-07-16,3947.076416015625,3962.2845399612966,3915.383907085896,3940.983388073058,2029521
2024-07-18,4076.58447265625,4085.5113814437846,3929.6479414580676,3929.6479414580676,5613364
2024-07-19,4073.6015625,4126.95500501344,4057.363678860647,4087.8038739597537,3903354
2024-07-22,4059.352783203125,4090.219237805453,4038.191243077126,4071.282819315056,1896386
2024-07-23,4073.554931640625,4129.748843691779,4039.421761308917,4055.233855032219,2365208
2024-07-24,4077.2470703125,4108.3502260578525,4041.1259492527006,4059.4941803111396,1809793
2024-07-25,4092.63330078125,4112.043129044065,4046.902036678233,4066.5957262823526,2810342
2024-07-26,4154.50830078125,4187.268397348249,4106.409520256929,4118.671036198701,3552210
2024-07-29,4148.11669921875,4195.362964674367,4138.553716676068,4180.21383187482,1746803
2024-07-30,4133.20458984375,4164.118198879963,4097.177778242139,4157.585227320139,1797906
2024-07-31,4152.14111328125,4179.267439518362,4113.936797622856,4118.670902108038,2330091
2024-08-01,4163.265625,4184.2847683252885,4132.919742480951,4165.443127805721,2202244
2024-08-02,4055.28125,4164.118502189887,4042.92542163502,4132.873411109335,2811282
2024-08-05,3934.087890625,4013.5736879846177,3891.907205581687,4013.5736879846177,2787771
2024-08-06,3949.379638671875,4031.800215504779,3939.532331171562,3949.1429334399427,2203067
2024-08-07,3977.073974609375,4019.207504026678,3957.995163908957,4003.1587050867174,1237666
2024-08-08,3950.656982421875,4006.9456644536194,3938.7745661925937,3958.657803185393,2441283
2024-08-09,4003.8681640625,4027.443907788756,3981.901738189192,3992.7430204792345,1302536
2024-08-12,3972.52880859375,4013.573584922349,3963.723559610809,4005.0521972685856,936912
2024-08-13,3973.760009765625,4008.839537848005,3960.5516737879557,3988.956299705632,1495593
2024-08-14,4066.83251953125,4077.200393436632,3965.4279074613096,3985.1692159262047,3226545
2024-08-16,4181.20751953125,4191.575391499624,4095.0944511200714,4118.670194945417,3457058
2024-08-19,4251.2255859375,4255.249574521071,4156.87498137627,4185.894947757169,2055210
2024-08-20,4282.75439453125,4322.237007322546,4260.693654534821,4265.427758595415,2212298
2024-08-21,4309.455078125,4317.503055311436,4253.639804359008,4277.736579801988,1896990
2024-08-22,4262.58740234375,4318.402675534502,4258.042847258311,4317.5030108146375,1829872
2024-08-23,4226.51416015625,4266.375416631709,4218.0875457377415,4260.694490644183,1809253
2024-08-26,4263.013671875,4310.0703901887255,4246.491463306979,4250.278746663329,1844164
2024-08-27,4257.99560546875,4270.162346746741,4248.1959164894,4265.428242149461,930697
2024-08-28,4266.42138671875,4319.869602119113,4220.263875901587,4259.509780281284,1848058
2024-08-29,4271.86572265625,4313.71538519979,4222.820592184166,4222.820592184166,2133641
2024-08-30,4311.58544921875,4348.038051973605,4249.14242918416,4260.693828489569,3637222
2024-09-02,4280.6240234375,4344.013861375445,4272.055480062339,4332.652011694428,1216500
2024-09-03,4272.38720703125,4313.6210706253505,4256.811818932973,4280.62427113772,1717263
2024-09-04,4241.04736328125,4248.3852249914535,4200.760320366018,4238.869860215786,1265505
2024-09-05,4237.9228515625,4259.746886626945,4217.281880213047,4242.704111797141,1688793
2024-09-06,4219.74462890625,4278.637081946434,4203.885376640769,4236.030135561561,1649179
2024-09-09,4212.92626953125,4251.462060686222,4194.889518372097,4218.086627772867,1184938
2024-09-10,4268.12646484375,4298.5195066181295,4204.310831961278,4206.204473662924,1385591
2024-09-11,4241.1416015625,4307.419053790383,4233.472261056025,4281.002847436805,1325919
2024-09-12,4277.4521484375,4291.559684691878,4195.646468439476,4270.398149152909,2742216
2024-09-13,4282.09228515625,4305.194622601226,4265.428144890812,4289.098667337487,1458786
2024-09-16,4273.2392578125,4304.2947971775275,4255.43921052289,4286.258044672285,1155120
2024-09-17,4266.04296875,4294.589522896417,4228.501617164474,4273.238899164255,1699364
2024-09-18,4115.02490234375,4257.9000607847665,4091.2124529893836,4257.9000607847665,2961779
2024-09-19,4067.684326171875,4187.031372404745,4054.097354431545,4156.590712046438,2927551
2024-09-20,4057.0322265625,4100.39689523506,4002.6848068053296,4087.3304912148405,5447908
2024-09-23,4041.504638671875,4080.229517445096,4026.828916076253,4071.32949426943,1702319
2024-09-24,4044.155517578125,4062.808072353835,4014.520211321431,4025.55058123155,3012026
2024-09-25,4047.42236328125,4061.4827451400292,4014.5203392742264,4026.21366904617,2713073
2024-09-26,4064.228515625,4087.2360774502895,4033.456837871287,4033.456837871287,3964251
2024-09-27,4079.5673828125,4145.181886032281,4071.37701220358,4104.468587471434,3012477
2024-09-30,4041.504638671875,4070.1459682536542,4033.5038178792897,4058.926049161128,2503416
2024-10-01,4059.87353515625,4067.30617221608,4017.3142100448013,4029.2437843865223,1823365
2024-10-03,4007.655517578125,4051.4459771346756,3986.115345580038,4035.918209344073,3350119
2024-10-04,4026.118896484375,4069.4359496948305,3999.4183640057563,4000.3180287251416,2965463
2024-10-07,4045.6240234375,4068.7263623530516,4004.4844678804907,4046.618000517575,1472619
2024-10-08,4027.06591796875,4051.825191579924,3980.3878333935318,4045.3869945057163,1541867
2024-10-09,4026.781982421875,4066.595614866151,4020.8643520160745,4033.456884593668,1082504
2024-10-10,4002.590087890625,4065.5065138830532,3975.3218342504942,4027.065497608203,2378875
2024-10-11,3928.54931640625,4016.3669515997326,3893.7536496314738,3922.6788421196575,5759183
2024-10-14,3916.666015625,3943.8871125530773,3902.9847329926533,3919.837957643063,2137590
2024-10-15,3897.871826171875,3948.1957233726384,3877.231316907688,3911.364023062213,2759474
2024-10-16,3877.183837890625,3896.167641402821,3850.909560357471,3867.7630170426546,2359151
2024-10-17,3890.48681640625,3910.3228978529323,3875.2902957519555,3894.0845506582914,2522659
2024-10-18,3913.31298828125,3935.2379992491005,3872.453098683255,3881.944405297675,2361000
2024-10-21,3872.31103515625,3929.3538837407996,3862.9620049373275,3922.3776803062365,1595450
2024-10-22,3811.234375,3881.75483326371,3802.5499216715493,3859.1654759681237,1928049
2024-10-23,3859.40283203125,3904.2965301967497,3791.919544419266,3796.143361546141,1966476
2024-10-24,3841.986328125,3871.504387583309,3800.3195802607424,3800.3195802607424,2676744
2024-10-25,3851.145263671875,3883.842769480241,3827.5592734218494,3850.6706983285853,1759676
2024-10-28,3882.751708984375,3923.706609082937,3844.9287550544213,3861.965606057276,1532534
2024-10-29,3867.94482421875,3894.757766071196,3853.565587028902,3887.4970090191655,1445885
2024-10-30,3876.866455078125,3898.0796180034267,3853.517979890609,3867.7074369038137,1935002
2024-10-31,3766.578125,3870.840237399569,3758.5580159818924,3862.9624053147227,3740372
2024-11-01,3781.526611328125,3795.5262896074955,3773.791288560614,3786.889338989994,154895
2024-11-04,3762.49609375,3788.8344687291683,3714.1854373776496,3764.536863637049,2269192
2024-11-05,3769.33056640625,3783.235239462336,3740.619360687802,3740.619360687802,967590
2024-11-06,3929.06884765625,3938.7024316660963,3773.031851752117,3799.9398000465167,3792017
2024-11-07,3939.746337890625,3991.853518092011,3877.2462233751357,3957.5902722464216,3724349
2024-11-08,3936.044921875,3957.6376448006463,3908.187843785678,3943.637967299403,1648039
2024-11-11,3985.115478515625,4018.9041625726113,3908.188152909336,3918.2017604204366,1406487
2024-11-12,3983.881103515625,4003.4332886046573,3952.51251928902,4001.5350272065516,1587640
2024-11-13,3939.224609375,3983.2641802267012,3920.9061091902613,3965.5629857379695,1098813
2024-11-14,3935.000732421875,3948.383567490613,3907.049112395529,3924.655300859059,1825432
2024-11-18,3815.031005859375,3998.687803877484,3787.2214288591285,3998.687803877484,3313944
2024-11-19,3834.06103515625,3921.9504005395133,3809.9057047468586,3815.4104775297365,1776233
2024-11-21,3865.6669921875,3884.2698145282143,3819.3018656674813,3839.1386042394874,2384347
2024-11-22,4028.679931640625,4038.50352626884,3847.7755423624753,3863.910762939723,3096553
2024-11-25,4095.593994140625,4107.932693294498,4035.8937655385084,4062.2794137366227,4052167
2024-11-26,4131.28173828125,4144.474563456407,4090.7536685314544,4101.241378290607,2060669
2024-11-27,4112.15576171875,4154.724363536381,4104.088151292946,4137.2131813248125,1558993
2024-11-28,4028.96484375,4119.179995477792,4017.670281030027,4099.2955217974695,2558544
2024-11-29,4053.5947265625,4080.028107836073,3982.219916352583,4005.3313403533516,2017425
2024-12-02,4059.099365234375,4070.0621019391097,4014.8697857420993,4052.7877393125073,1670944
2024-12-03,4083.8720703125,4104.990228133534,4048.469681005338,4094.882078988639,2010905
2024-12-04,4132.89404296875,4163.78852095067,4070.8682678061223,4094.121966667872,3302642
2024-12-05,4236.966796875,4260.647793669346,4138.209931031042,4176.934278953506,3746747
2024-12-06,4219.3603515625,4237.868399443609,4188.276322428843,4226.4788315167725,1842087
2024-12-09,4225.671875,4242.044378496654,4190.933600979431,4205.076018232145,2066639
2024-12-10,4207.06982421875,4265.204089616263,4187.66037612314,4200.995479380061,2087828
2024-12-11,4202.228515625,4222.349806544079,4182.818609222603,4206.404597631399,1635256
2024-12-12,4228.33056640625,4256.851762402647,4200.853043566135,4204.696838041356,1914642
2024-12-13,4246.31591796875,4266.247663475759,4170.8600242636485,4209.347553772588,1967048
2024-12-16,4190.60205078125,4247.359881247422,4173.327686669254,4232.1737900519,1646224
2024-12-17,4108.31201171875,4207.44889332409,4098.346139910261,4185.666159565598,3225027
2024-12-18,4126.67822265625,4140.108330075579,4071.3913564877716,4092.3672387441043,1575404
2024-12-19,4054.591064453125,4142.006088570945,4045.1947638609918,4064.177376549218,3015763
2024-12-20,3958.159423828125,4159.090570831168,3941.2650833812017,4108.7866456248585,4116989
2024-12-23,3946.770263671875,4002.4844247984843,3905.57808127476,3986.396472999676,2195338
2024-12-24,3966.891845703125,4003.4333784366027,3946.7700890546093,3946.7700890546093,1181886
2024-12-26,3957.020751953125,3986.301525685132,3932.3906257955578,3966.8916181900954,1208464
2024-12-27,3952.987060546875,3968.2681573970385,3936.2822676568094,3951.2310760757846,858100
2024-12-30,3947.244384765625,3985.684176313855,3902.825255464751,3939.8413510297137,1527169
2024-12-31,3886.500732421875,3929.3541258203386,3826.942776465206,3924.655743120756,1555429
2025-01-01,3903.2529296875,3923.706511928217,3877.62616777211,3886.1208416217773,763161
2025-01-02,3963.3330078125,3970.214206233536,3888.541684834078,3910.4189647817757,1720835
2025-01-03,3891.3408203125,3967.3190100554248,3884.127566106747,3967.3190100554248,1791953
2025-01-06,3886.690185546875,3938.5600852002444,3859.5449550545113,3896.6560578175076,2085593
2025-01-07,3823.38330078125,3929.7334436078268,3807.4853613249484,3905.6256161656233,2669054
2025-01-08,3899.40869140625,3916.113485341044,3813.3700813691175,3829.6475810881293,2181277
2025-01-09,3833.396728515625,3927.2656647049257,3820.535960823577,3892.3851104960186,2392472
2025-01-10,4048.659423828125,4078.41476503514,3957.875161786487,3986.3490838137277,7894300
2025-01-13,4072.81494140625,4103.044847646488,4012.355128925775,4029.059922352462,4003771
2025-01-14,4017.7177734375,4094.4550879803073,4004.4299428133863,4083.1605246383615,3441709
2025-01-15,4033.42626953125,4039.9279080856195,3993.4204997024085,4003.4336440894426,1653474
2025-01-16,3992.32861328125,4075.5675680381755,3978.6139515802215,4043.297121528325,2637705
2025-01-17,3986.528564453125,4021.616254890533,3963.0886298542596,4020.939449433567,1761466
2025-01-20,3941.582275390625,4007.3105183689017,3932.2063483825796,4007.3105183689017,1287799
2025-01-21,3901.033935546875,3973.6734816653625,3895.379258358407,3958.497981875744,1971591
2025-01-22,4017.75,4024.0810102403266,3909.1045498898884,3914.7108496617475,2409223
2025-01-23,4006.97265625,4051.339285916404,4001.7526640783626,4028.7691913739204,1822998
2025-01-24,4013.64208984375,4038.4351649039104,3966.9071126772737,3966.9071126772737,1910099
2025-01-27,3929.354736328125,4017.5084152856,3906.0599315038703,3964.973867046099,1551782
2025-01-28,3905.3349609375,3964.9738425768846,3893.735817565749,3934.816117007367,2468272
2025-01-29,3962.846923828125,3970.6282985895587,3918.577051208912,3918.577051208912,1217089
2025-01-30,3963.088623046875,3991.941585340912,3922.9267796325357,3962.9437281550117,1531251
2025-01-31,3975.0263671875,3990.5405047390313,3948.7833995175843,3972.7066328908318,1492943
2025-02-01,3937.08740234375,3997.741255116248,3920.510387972108,3975.6063179805924,437172
2025-02-03,3932.73779296875,3940.8089579536745,3865.1245003058734,3896.2488211358454,1265713
2025-02-04,3969.85498046875,3981.2610880254483,3930.2248097290194,3947.285122132378,2547132
2025-02-05,3954.43798828125,4011.3703550712034,3939.8423053663196,4011.3703550712034,1693912
2025-02-06,3946.366943359375,4001.221226388129,3916.209217331792,3968.2602324120217,2284536
2025-02-07,3894.798828125,3953.374595002479,3874.113784051329,3953.374595002479,1548940
2025-02-10,3902.0966796875,3916.6439855178123,3880.2517684472346,3905.044842421511,1339511
2025-02-11,3831.148681640625,3905.044841909931,3822.8842449885587,3884.1662899452554,1810908
2025-02-12,3818.196044921875,3887.4043576304402,3808.5300926433138,3838.446403733592,1678002
2025-02-13,3779.5322265625,3851.3502990135694,3771.89621867518,3835.4498547512626,2277310
2025-02-14,3803.407470703125,3816.1181040365336,3769.72153134308,3793.886412954254,1681975
2025-02-17,3774.0712890625,3802.585849960782,3727.3846896150562,3727.674715397498,1799806
2025-02-18,3743.81689453125,3793.3065270348457,3735.4075625604055,3768.1750490618683,2149879
2025-02-19,3657.693359375,3745.508400554833,3642.2759755929487,3742.850263486918,4366672
2025-02-20,3653.14990234375,3661.46271568049,3625.9887180872706,3635.8479421943407,2888572
2025-02-21,3659.530029296875,3689.494485426881,3648.897480347518,3649.960829636532,1833931
2025-02-24,3552.817626953125,3637.491230016548,3547.4045991108223,3618.1109478843173,2508516
2025-02-25,3508.30615234375,3535.8057424823114,3500.2833638502107,3503.90809636369,4101954
2025-02-27,3491.873779296875,3516.4735816470966,3480.419530987875,3491.0520789257853,3823856
2025-02-28,3366.892822265625,3479.7428149447355,3341.5196975733197,3465.1955095907815,7085018
2025-03-03,3376.365966796875,3405.557099448941,3360.03036363457,3368.584826957939,4990439
2025-03-04,3414.062744140625,3432.379676631615,3348.5759170238152,3357.951843598488,2797737
2025-03-05,3428.561767578125,3480.081342184221,3403.2370189380595,3403.2370189380595,2501894
2025-03-06,3481.28955078125,3488.877181911339,3417.9775618337376,3438.1793081878077,2786513
2025-03-07,3490.56884765625,3503.9079097926337,3454.998093954285,3479.743027656133,2051315
2025-03-10,3469.73876953125,3501.1049762137254,3462.9244613654673,3486.0259949428714,1004626
2025-03-11,3455.867919921875,3468.868578368607,3419.4754684803916,3439.1457755027523,1995450
2025-03-12,3389.076171875,3450.020048748746,3370.3726956351015,3445.912018992584,3174167
2025-03-13,3393.764404296875,3406.5717917540665,3367.714708703622,3385.306695598729,1693004
2025-03-17,3380.860107421875,3412.516101378981,3361.1900359739784,3372.450776071524,2690906
2025-03-18,3380.860107421875,3380.860107421875,3380.860107421875,3380.860107421875,0
2025-03-19,3380.2802734375,3428.5132810234372,3347.0776328908673,3428.5132810234372,3051244
2025-03-20,3444.123779296875,3459.3960314822807,3394.68252652922,3394.68252652922,2845192
2025-03-21,3458.57470703125,3495.450223009194,3349.252685164703,3358.9186380800415,4161925
2025-03-24,3507.72607421875,3527.8313042718337,3447.458997008205,3479.743186623358,1834751
2025-03-25,3535.56396484375,3586.0685693582973,3516.473707634902,3523.2398747468987,3135390
2025-03-26,3514.34716796875,3557.553929809202,3504.7295921250025,3525.897934373459,1734499
2025-03-27,3529.232666015625,3540.638537603521,3489.892285017066,3494.0970689111577,2528474
2025-03-28,3485.687255859375,3538.656721076703,3471.9132739836596,3529.0391458412178,2051919
2025-04-01,3432.1865234375,3464.277439125219,3407.248318336048,3453.354865404157,2618493
2025-04-02,3425.5654296875,3445.0424669343693,3412.129849162714,3425.6138066504323,1764313
2025-04-03,3289.46875,3385.0167912281404,3282.702582798802,3374.3842427691143,4537821
2025-04-04,3189.184326171875,3286.085501586113,3185.414699028632,3250.2733357697866,5317367
2025-04-07,3164.68115234375,3181.4514379526936,2953.963392712106,2996.445205771086,6623955
2025-04-08,3182.94970703125,3237.1274167268007,3146.5574911118592,3191.7458179951013,5557558
2025-04-09,3138.1484375,3160.766673429551,3104.7525222396634,3151.63239491897,2990265
2025-04-11,3123.552490234375,3188.7492913945475,3098.904311833949,3179.663390613554,7108961
2025-04-15,3139.69482421875,3203.683386247662,3130.415650876791,3203.683386247662,3512160
2025-04-16,3164.43994140625,3168.596348657385,3121.136422017699,3139.695005759879,2384391
2025-04-17,3188.701171875,3193.2443586174536,3110.50370573642,3137.085076745666,2932346
2025-04-21,3210.642822265625,3241.960413439671,3174.3955010062373,3180.195072407739,2432946
2025-04-22,3203.68310546875,3222.531712274605,3184.931252579041,3211.6093750675464,2710498
2025-04-23,3298.98974609375,3306.625754540036,3225.818529364827,3252.593171873855,3543923
2025-04-24,3287.970458984375,3298.5062526941524,3274.534643572778,3287.487161364933,2252175
2025-04-25,3332.820556640625,3361.625143451318,3291.256959211522,3305.7558885472554,2742991
2025-04-28,3328.470703125,3342.2930622298845,3291.2567864500143,3320.2546435993536,1593296
2025-04-29,3356.502197265625,3378.250591632357,3315.808440523134,3339.586779424834,1578332
2025-04-30,3338.329833984375,3392.652437661013,3253.5594811525652,3356.018573547744,2809332
2025-05-02,3316.38818359375,3374.867194117627,3305.7556362257724,3356.0185874198487,1721761
2025-05-05,3338.909912109375,3387.4329449049897,3331.27366828836,3334.753505470742,1284443
2025-05-06,3344.419921875,3356.9856614658597,3322.1882287527096,3344.419921875,1324763
2025-05-07,3330.017578125,3343.936456116555,3306.335993163342,3306.335993163342,1477128
2025-05-08,3333.690185546875,3360.8516058321925,3314.165009149484,3332.8203442362383,2543591
2025-05-09,3325.377685546875,3331.0805031274213,3284.5874131966707,3285.457254527544,2531757
2025-05-12,3499.46142578125,3509.22413241534,3385.209911911905,3387.916425868549,2228678
2025-05-13,3397.58251953125,3501.9748131612287,3393.232840630001,3499.461570957545,3062887
2025-05-14,3430.15673828125,3442.0459078220697,3391.396407841002,3403.3820953219624,2119499
2025-05-15,3460.314208984375,3479.7428677232297,3396.7124309124556,3444.9454390459973,3548330
2025-05-16,3442.3359375,3473.84680313206,3427.6437359304055,3473.84680313206,1666727
2025-05-19,3401.255615234375,3431.413341631395,3386.659931697025,3431.413341631395,2537377
2025-05-20,3381.440185546875,3439.145874352896,3377.283778805233,3413.8211261851047,2038374
2025-05-21,3408.021728515625,3418.8475485914832,3381.4403579795026,3390.8162851170264,1440153
2025-05-22,3360.8515625,3380.956790168703,3336.0101126719387,3378.2502763697153,2034383
2025-05-23,3397.196044921875,3416.9144952813326,3349.8328737001534,3360.851966080111,1274331
2025-05-26,3419.13720703125,3426.579942784697,3392.8458651045166,3403.3816582637282,967470
2025-05-27,3381.82666015625,3421.747090070775,3366.7479162656796,3414.014328285304,2467680
2025-05-28,3380.860107421875,3411.114585484783,3376.31715701285,3402.4152283668,1222933
2025-05-29,3381.2470703125,3414.4978538154573,3370.034470581059,3387.626457620242,3188072
2025-05-30,3347.705810546875,3389.5594310198626,3337.750068509547,3373.417337946492,3404365
2025-06-02,3334.560302734375,3344.419526975246,3304.4025784742903,3334.7535745851437,1877585
2025-06-03,3291.4501953125,3357.468700034321,3286.9072447003623,3330.8873298742683,2848125
2025-06-04,3297.0087890625,3310.56402774214,3286.379348716646,3304.9078969735056,2544807
2025-06-05,3287.4521484375,3324.4116310325603,3280.2356236372652,3324.4116310325603,3584683
2025-06-06,3300.226806640625,3306.7605099618336,3275.359545608902,3287.4520036268846,2070390
2025-06-09,3336.991455078125,3348.791310023286,3306.760665733127,3315.634960419095,1718678
2025-06-10,3376.973876953125,3399.305794893864,3338.259013167141,3354.642197095073,2419874
2025-06-11,3385.75048828125,3402.4262754922297,3363.516422776853,3383.897728850111,2847013
2025-06-12,3348.986083984375,3388.481144938844,3338.259030391803,3385.7505745896515,4060134
2025-06-13,3360.20068359375,3364.881627257479,3309.003383077588,3309.003383077588,2178493
2025-06-16,3409.545654296875,3421.9304790324873,3341.18496442709,3354.6425898751086,1934088
2025-06-17,3428.07373046875,3432.6570601768817,3401.5487008021014,3422.905193528652,2111940
2025-06-18,3365.75927734375,3450.2105407013996,3357.665418209048,3431.7796073253016,2696327
2025-06-19,3339.039306640625,3365.3693479021017,3328.3122527933565,3364.394161188714,2672768
2025-06-20,3350.448974609375,3360.786049100129,3326.2642962767654,3340.0145242959966,2351248
2025-06-23,3309.393798828125,3340.014567071261,3286.3792966511382,3330.2626997221478,3123421
2025-06-24,3306.27294921875,3356.690292940616,3298.081476031171,3349.376392565029,3403048
2025-06-25,3359.3232421875,3364.3941654870573,3315.634829755361,3322.7537403887272,1757699
2025-06-26,3356.397705078125,3365.759354753242,3330.555256962972,3359.3232652421043,2879106
2025-06-27,3355.71533203125,3380.387367158931,3345.8658502962735,3369.2703330730474,1778433
2025-06-30,3376.09619140625,3378.924137465807,3344.890218522079,3354.544471150048,1468351
2025-07-01,3344.59765625,3398.525526423559,3328.7996798986564,3369.2699264830403,2375183
2025-07-02,3338.356689453125,3403.3039810516498,3335.1385257152824,3400.671024568939,3090585
2025-07-03,3316.4150390625,3350.058980842342,3313.294489180619,3344.8904436190446,2531870
2025-07-04,3334.943603515625,3341.964900305915,3305.980605453995,3323.4363525656718,1109320
2025-07-07,3327.04443359375,3341.0872649943594,3323.826269850942,3333.480761079366,1639174
2025-07-08,3321.680908203125,3340.0144658805552,3309.1984707578945,3320.5107317732236,2325242
2025-07-09,3299.8369140625,3329.2875057764963,3283.4537293349335,3325.3867588452995,2034938
2025-07-10,3298.08154296875,3314.659717489882,3272.7266878187834,3296.1311694956757,3035012
2025-07-11,3184.959716796875,3252.247598137654,3180.1813972680684,3218.0184502225306,7635550
2025-07-14,3142.734130859375,3190.8108827918168,3120.5974403831947,3184.9597625910983,3924009
2025-07-15,3171.599853515625,3178.523536457564,3126.448660244279,3126.448660244279,2590889
2025-07-16,3163.576171875,3175.1222359666176,3151.344969328223,3157.607249475903,2540733
2025-07-17,3140.18994140625,3172.2846643823304,3135.199754145851,3154.7696780470374,2947640
2025-07-18,3121.304931640625,3159.3685771406017,3118.46738821797,3155.6502438038765,3432645
2025-07-21,3090.286865234375,3128.83976152069,3084.2202361520617,3121.4030943290218,3844346
2025-07-22,3091.65673828125,3111.7159107005,3086.764257203384,3091.65673828125,3198036
2025-07-23,3110.7373046875,3113.5748480562365,3089.6996367952283,3091.6566291573,1922875
2025-07-24,3080.30615234375,3105.4534578423713,3072.478182452152,3097.0385335433134,2934778
2025-07-25,3068.368408203125,3089.014534530361,3058.3877948178133,3072.4780444334683,2568917
2025-07-28,3013.08349609375,3050.9512525080645,3003.885488175128,3043.12328264916,3374473
2025-07-29,2990.284423828125,3007.8973556438664,2975.802632112602,2994.1984086760676,4785312
2025-07-30,2987.93603515625,3003.0047807939304,2981.673516260727,2994.1983151611034,2880121
2025-07-31,2971.497314453125,2994.0027271024683,2950.166049468222,2976.2918502873677,2968371
2025-08-01,2938.424072265625,2971.4972914199097,2935.488583681943,2964.7455243430377,2053847
2025-08-04,3008.28857421875,3013.181055141491,2927.2692812506943,2944.392964480288,2519252
2025-08-05,2998.014404296875,3011.322048140622,2976.5854331255146,3008.2886143717656,1927996
2025-08-06,2967.093994140625,3000.8521121202134,2960.9294204705666,2997.1337788834585,1487081
2025-08-07,2981.47802734375,2985.9792055799644,2946.154217712285,2951.1446440658847,2543076
2025-08-08,2971.105712890625,2994.002666894786,2959.9509519667536,2982.5543093380406,2762140
2025-08-11,2975.4111328125,2984.3153044195046,2956.3304579380692,2971.105606429514,1884215
2025-08-12,2970.127197265625,3029.8154640054736,2961.809979769089,2975.6068714078456,3358232
2025-08-13,2970.91015625,2978.9337774241835,2963.473728360306,2970.812449963036,2148166
2025-08-14,2957.30908203125,2990.1864106721328,2954.1779420022144,2968.757439673081,3342174
2025-08-18,2946.44775390625,2983.434958599791,2938.815435653507,2980.988718063058,2945609
2025-08-19,2951.340087890625,2959.950901928915,2946.349900778797,2946.4476070609903,2650784
2025-08-20,3031.96826171875,3036.664852119672,2946.1539583708727,2946.1539583708727,4952358
2025-08-21,3035.882568359375,3062.693270119804,3016.801891436903,3062.693270119804,3230726
2025-08-22,2988.327392578125,3029.1306363096523,2984.4134077810354,3019.639270954844,1593791
2025-08-25,3073.0654296875,3084.220191422538,3010.9309175823823,3020.9115315912086,3448370
2025-08-26,3089.30810546875,3094.0049349317896,3052.9080951888627,3061.7145608480614,5522097
2025-08-28,3027.173828125,3078.838478368692,3020.1287028396528,3077.370733980466,3116051
2025-08-29,3018.3671875,3048.0156702082504,3011.028465982645,3026.4887537573413,2271789
2025-09-01,3045.667236328125,3063.7694152474464,3023.5531276055535,3023.5531276055535,1246862
2025-09-02,3044.591064453125,3087.1556510845603,3036.371791556432,3053.9847239556466,2185229
2025-09-03,3030.89208984375,3074.33722714916,3021.5963756053266,3062.595272321678,1799774
2025-09-04,3029.130615234375,3050.951128104469,3024.3360794475675,3048.99413571954,1481391
2025-09-05,2982.75,3036.664997028233,2963.47367273015,3030.5006621101975,2802055
2025-09-08,2954.079833984375,2998.9927110613953,2951.144345576971,2984.413214194218,2626187
2025-09-09,2983.826171875,2994.19832699537,2965.62628616296,2966.898378981974,2489301
2025-09-10,3043.123291015625,3055.550145422665,2987.740308555338,2990.675797260498,2079428
2025-09-11,3057.017822265625,3071.4996140027415,3043.221168990462,3071.4996140027415,2263446
2025-09-12,3066.019775390625,3080.990814432397,3053.886518550216,3076.3919302537256,1447167
2025-09-15,3044.982421875,3066.607284819441,3029.4244268669395,3066.607284819441,1732539
2025-09-16,3078.055419921875,3082.26300132086,3042.242602669502,3060.736085121159,2573429
2025-09-17,3104.57275390625,3113.966173979194,3074.8263264485827,3084.2199854121977,2418271
2025-09-18,3108.388916015625,3134.1234145595795,3093.4178759668794,3116.51048247651,2633138
2025-09-19,3101.050048828125,3112.107103450778,3076.3919928468,3101.8328935510035,4901694
2025-09-22,3007.70166015625,3040.089740964508,2999.090845838676,3028.445731768582,3634901
2025-09-23,2996.546875,3014.4534044791503,2986.3706093710016,3003.983542191669,3177741
2025-09-24,2970.127197265625,2991.262810224855,2967.778901999341,2984.4133369924134,1625714
2025-09-25,2893.804443359375,2964.4520571099356,2887.5421635017433,2957.015390749667,4974361
2025-09-26,2836.758544921875,2891.260737711385,2829.126226471788,2877.7574418213358,3934636
2025-09-29,2833.82275390625,2866.3087778304835,2831.7678164651984,2853.2947314486933,3110035
2025-09-30,2826.288330078125,2852.610021207006,2823.0594837288886,2848.402439766557,2253458
2025-10-01,2851.53369140625,2861.9058470940704,2804.957413772581,2828.8326264436423,1952902
2025-10-03,2839.498046875,2861.1229086009284,2828.9304789544044,2861.1229086009284,2899519
2025-10-06,2924.137939453125,2929.22631078988,2833.3336834873367,2839.5959635916415,2112774
2025-10-07,2909.75390625,2939.891634958981,2891.9453243871753,2930.5959216848555,3062943
2025-10-08,2962.103759765625,2977.5640480826064,2904.176830334925,2911.0263039913752,4121889
2025-10-09,2995.86181640625,3000.069397912704,2955.0585719818546,2968.757519004287,3211304
2025-10-10,2963.179931640625,3003.983173218589,2942.239970746985,2984.413250266025,8817365
2025-10-13,2942.53369140625,2970.225181329542,2933.7272257063764,2961.9079637241057,2866865
2025-10-14,2896.642333984375,2962.1036338769445,2891.9455044700007,2956.0370052457697,3611416
2025-10-15,2916.7763671875,2926.499513769408,2898.31197994854,2917.954894078994,4282226
2025-10-16,2917.66015625,2921.883430677564,2890.553079047838,2916.87439174088,3251495
2025-10-17,2909.311767578125,2935.4369375213087,2902.6331292681275,2916.972551528368,4374683
2025-10-20,2961.365478515625,2969.0262624451843,2925.320781572273,2932.1958010354274,3133039
2025-10-21,2953.017333984375,2977.669286180243,2942.508423286113,2976.981832168517,310644
2025-10-23,3018.330078125,3042.687339125331,2981.892616996725,3000.4550745732363,5564758
2025-10-24,3008.508544921875,3034.8300966289034,3003.6961270890743,3025.0086400055093,2684318
2025-10-27,3029.821044921875,3038.9550474990237,3005.5620951218402,3011.7496607245316,1946312
2025-10-28,3003.30322265625,3035.0265765381446,2985.919291823652,3021.0801556355614,3470737
2025-10-29,3003.0087890625,3021.080174034828,2991.714113509379,3003.3032409472494,2895420
2025-10-30,2981.106689453125,3009.0978400091353,2978.6513253692647,2994.6603471523654,2241536
2025-10-31,3003.4013671875,3012.6334402910475,2971.088871543434,2980.8120174669925,1868085
2025-11-03,2962.93701171875,3003.4013640895914,2956.2583734171585,2992.499451583931,2194877
2025-11-04,2936.81201171875,2975.214004338424,2922.8655907942766,2965.6872390451917,2670720
2025-11-06,2957.142333984375,2970.0085383136757,2936.61558517126,2936.7138956519902,2542721
2025-11-07,2938.383544921875,2950.3656744717186,2907.6423366423182,2947.419237380036,1830520
2025-11-10,2971.18701171875,2993.4816703122747,2938.579823663838,2939.5619693268272,1556656
2025-11-11,2992.597900390625,3001.142519888641,2964.1156755427983,2990.633609021809,2806868
2025-11-12,3075.8837890625,3080.4015151753365,3002.51755709654,3005.3656835637266,4460315
2025-11-13,3050.249755859375,3075.9819244274895,3046.61586484088,3075.8838537295965,1740435
2025-11-14,3050.54443359375,3057.517763723578,3022.356900982103,3034.830102963518,2210794
2025-11-17,3046.812255859375,3067.7320066302495,3031.4909272444793,3050.544457369475,2232853
2025-11-18,3031.98193359375,3049.5622448251693,3023.0443122614724,3046.6158078736476,2548350
2025-11-19,3091.499755859375,3098.6694669245953,3028.4460542827223,3041.705020306013,3151053
2025-11-20,3088.65185546875,3108.0000778660146,3082.0715272134535,3091.794673762747,2700767
2025-11-21,3094.34814453125,3113.4016740052466,3079.2229578295533,3088.6516518716926,4177037
2025-11-24,3085.115966796875,3122.1428110333977,3075.0981288018247,3101.616062202543,6703764
2025-11-25,3063.5087890625,3093.562543096727,3059.3838251197944,3089.142887490615,2737920
2025-11-26,3106.428466796875,3121.2589624366606,3061.348076121797,3063.115986297256,2508527
2025-11-27,3080.59814453125,3123.223169867727,3069.205159068128,3123.223169867727,2836233
2025-11-28,3081.48193359375,3091.1070087848907,3069.205113141185,3083.937297684263,1616690
2025-12-01,3077.455078125,3097.687374390369,3066.4550948216056,3081.8747335418534,1747647
2025-12-02,3079.714111328125,3087.8659682974553,3064.6872347092776,3075.0980746626374,2512003
2025-12-03,3123.22314453125,3154.5534946281955,3082.9551731709416,3083.9373188138757,3952112
2025-12-04,3171.544677734375,3191.9733551637537,3130.4909417024,3136.9731988901626,5025905
2025-12-05,3180.384033203125,3213.187842167148,3164.866083794654,3172.330486734928,5244013
2025-12-08,3178.71435546875,3201.6964674714213,3151.3125880977464,3185.0983021118977,2544725
2025-12-09,3151.01806640625,3175.964471029267,3124.401822284255,3172.330579931189,2734893
2025-12-10,3132.259033203125,3167.41989738469,3121.357359750894,3167.41989738469,1386849
2025-12-11,3134.91064453125,3151.1160479641035,3096.8035846478047,3147.7768486239356,1914362
2025-12-12,3163.0,3165.4553640739014,3128.8212841349605,3140.607031689688,1146554
2025-12-15,3172.52685546875,3180.384020730158,3140.2143592438706,3153.7680172761306,1562190
2025-12-16,3147.875244140625,3162.509118995985,3134.1252044928165,3162.509118995985,1734623
2025-12-17,3160.348388671875,3179.107227122374,3143.3572206041695,3143.3572206041695,1376350
2025-12-18,3222.2236328125,3229.09865265339,3163.4912725011322,3170.366292342023,2307422
2025-12-19,3223.402099609375,3258.661033366418,3220.259281411304,3240.09857605464,3902511
2025-12-22,3265.5361328125,3269.170263717588,3232.2414895890165,3250.9022578364156,2632816
2025-12-23,3250.902099609375,3260.625245626059,3234.6966963938,3260.625245626059,2365420
2025-12-24,3259.741455078125,3267.696930860065,3237.2504153109776,3245.107580613968,1367708
2025-12-26,3221.437744140625,3260.7235702886815,3213.384197736604,3253.9468611908032,1176664
2025-12-29,3193.446533203125,3229.294848891858,3184.9999848268185,3221.437683809396,2079473
2025-12-30,3188.83056640625,3209.160933545371,3181.6608551553877,3191.973384551631,2807593
2025-12-31,3148.955322265625,3188.0447669329633,3141.392848747715,3182.151893056932,3362634
2026-01-01,3169.77685546875,3176.3574233163417,3141.0982497161094,3157.59834501185,1255735
2026-01-02,3192.660888671875,3196.196709004467,3162.017991655493,3176.2591039024273,1184324
2026-01-05,3158.6787109375,3189.026915514335,3134.026759287417,3182.642968809425,2341703
2026-01-06,3197.669921875,3204.9377039238207,3147.7768738587542,3152.6876022111082,2912325
2026-01-07,3236.75927734375,3241.6700055592964,3165.651788913644,3185.0000101265678,1989442
2026-01-08,3146.6962890625,3228.2143763788763,3125.1873956711997,3228.2143763788763,4159336
2026-01-09,3150.52685546875,3172.0357492326657,3134.0267606372377,3134.0267606372377,1938673
2026-01-12,3181.75927734375,3193.937788002805,3117.6251157476318,3145.8126491306843,2228342
2026-01-13,3209.652099609375,3221.437847833155,3153.1787227037635,3187.0627488471305,5645341
2026-01-14,3135.5,3201.7948316366483,3126.1696162881753,3201.7948316366483,3539511
2026-01-15,3135.5,3135.5,3135.5,3135.5,0
2026-01-16,3206.699951171875,3221.89990234375,3171.0,3219.39990234375,4293470
2026-01-19,3163.60009765625,3220.0,3152.10009765625,3188.0,3387562
2026-01-20,3102.300048828125,3160.0,3091.10009765625,3151.60009765625,4499273
2026-01-21,3122.60009765625,3138.5,3082.0,3100.0,2015150
2026-01-22,3150.39990234375,3160.0,3122.300048828125,3150.0,2269827
2026-01-23,3162.5,3194.5,3152.0,3190.300048828125,2068857
2026-01-27,3158.0,3175.0,3130.0,3175.0,4279874
2026-01-28,3200.10009765625,3205.199951171875,3170.60009765625,3176.0,2751234
2026-01-29,3144.39990234375,3200.10009765625,3125.60009765625,3200.10009765625,2457641
2026-01-30,3123.89990234375,3141.0,3092.0,3141.0,3022068
2026-02-02,3169.60009765625,3198.0,3134.0,3198.0,2636272
2026-02-03,3225.300048828125,3350.0,3186.300048828125,3350.0,4366060
2026-02-04,2999.10009765625,3120.0,2986.0,3120.0,10852595
2026-02-05,2991.5,3029.699951171875,2972.300048828125,2990.0,3521545
2026-02-06,2941.60009765625,2985.0,2916.0,2976.60009765625,4687389
2026-02-09,2948.199951171875,2977.0,2937.5,2959.10009765625,2380318
2026-02-10,2984.60009765625,3011.60009765625,2943.5,2949.800048828125,3547763
2026-02-11,2909.800048828125,2998.0,2904.199951171875,2980.0,3363513
2026-02-12,2750.10009765625,2880.0,2740.0,2869.800048828125,10612156
2026-02-13,2692.199951171875,2713.0,2585.0,2585.0,11168735
2026-02-16,2706.60009765625,2719.800048828125,2671.0,2700.0,2918730
2026-02-17,2717.39990234375,2760.0,2695.199951171875,2716.0,4209118
2026-02-18,2694.89990234375,2730.0,2657.300048828125,2730.0,2950820
2026-02-19,2677.89990234375,2748.699951171875,2666.60009765625,2708.0,3238849
2026-02-20,2686.199951171875,2702.60009765625,2647.5,2667.0,2293482
2026-02-23,2676.300048828125,2704.0,2660.199951171875,2686.0,4699596
2026-02-24,2573.699951171875,2647.5,2561.300048828125,2641.0,7798833
2026-02-25,2640.89990234375,2654.199951171875,2595.0,2596.0,2110134
